#
# There is insufficient memory for the Java Runtime Environment to continue.
# Native memory allocation (malloc) failed to allocate 32744 bytes for ChunkPool::allocate
# Possible reasons:
#   The system is out of physical RAM or swap space
#   The process is running with CompressedOops enabled, and the Java Heap may be blocking the growth of the native heap
# Possible solutions:
#   Reduce memory load on the system
#   Increase physical memory or swap space
#   Check if swap backing store is full
#   Decrease Java heap size (-Xmx/-Xms)
#   Decrease number of Java threads
#   Decrease Java thread stack sizes (-Xss)
#   Set larger code cache with -XX:ReservedCodeCacheSize=
#   JVM is running with Unscaled Compressed Oops mode in which the Java heap is
#     placed in the first 4GB address space. The Java Heap base address is the
#     maximum limit for the native heap growth. Please use -XX:HeapBaseMinAddress
#     to set the Java Heap base and to place the Java Heap above 4GB virtual address.
# This output file may be truncated or incomplete.
#
#  Out of Memory Error (arena.cpp:78), pid=2000, tid=16072
#
# JRE version: Java(TM) SE Runtime Environment (17.0.12+8) (build 17.0.12+8-LTS-286)
# Java VM: Java HotSpot(TM) 64-Bit Server VM (17.0.12+8-LTS-286, mixed mode, sharing, tiered, compressed oops, compressed class ptrs, g1 gc, windows-amd64)
# No core dump will be written. Minidumps are not enabled by default on client versions of Windows
#

---------------  S U M M A R Y ------------

Command Line: --add-opens=java.base/java.lang=ALL-UNNAMED --add-opens=java.base/java.lang.invoke=ALL-UNNAMED --add-opens=java.base/java.util=ALL-UNNAMED --add-opens=java.prefs/java.util.prefs=ALL-UNNAMED --add-exports=jdk.compiler/com.sun.tools.javac.api=ALL-UNNAMED --add-exports=jdk.compiler/com.sun.tools.javac.util=ALL-UNNAMED --add-opens=java.base/java.util=ALL-UNNAMED --add-opens=java.prefs/java.util.prefs=ALL-UNNAMED --add-opens=java.base/java.nio.charset=ALL-UNNAMED --add-opens=java.base/java.net=ALL-UNNAMED --add-opens=java.base/java.util.concurrent=ALL-UNNAMED --add-opens=java.base/java.util.concurrent.atomic=ALL-UNNAMED --add-opens=java.xml/javax.xml.namespace=ALL-UNNAMED -XX:MaxMetaspaceSize=512m -Xmx2048m -Dfile.encoding=windows-1252 -Duser.country=US -Duser.language=en -Duser.variant -javaagent:C:\Users\Microsoft\.gradle\wrapper\dists\gradle-9.0.0-bin\d6wjpkvcgsg3oed0qlfss3wgl\gradle-9.0.0\lib\agents\gradle-instrumentation-agent-9.0.0.jar org.gradle.launcher.daemon.bootstrap.GradleDaemon 9.0.0

Host: Intel(R) Core(TM) i7-6600U CPU @ 2.60GHz, 4 cores, 7G,  Windows 11 , 64 bit Build 26100 (10.0.26100.3775)
Time: Wed Mar  4 16:55:01 2026 Pakistan Standard Time elapsed time: 1826.138284 seconds (0d 0h 30m 26s)

---------------  T H R E A D  ---------------

Current thread (0x000002271f756690):  JavaThread "C2 CompilerThread0" daemon [_thread_in_native, id=16072, stack(0x000000d202a00000,0x000000d202b00000)]


Current CompileTask:
C2:1826138 25302   !   4       org.gradle.internal.logging.text.StreamBackedStandardOutputListener::onOutput (30 bytes)

Stack: [0x000000d202a00000,0x000000d202b00000]
Native frames: (J=compiled Java code, j=interpreted, Vv=VM code, C=native code)
V  [jvm.dll+0x67a04a]
V  [jvm.dll+0x7da4ed]
V  [jvm.dll+0x7dbe33]
V  [jvm.dll+0x7dc4a3]
V  [jvm.dll+0x24508f]
V  [jvm.dll+0xab9a4]
V  [jvm.dll+0xabd3c]
V  [jvm.dll+0x63e087]
V  [jvm.dll+0x63ebc6]
V  [jvm.dll+0x63e610]
V  [jvm.dll+0x1cce1d]
V  [jvm.dll+0x341828]
V  [jvm.dll+0x34874e]
V  [jvm.dll+0x68d336]
V  [jvm.dll+0x68edf0]
V  [jvm.dll+0x6921c0]
V  [jvm.dll+0x68a3d5]
V  [jvm.dll+0x689a20]
V  [jvm.dll+0x687932]
V  [jvm.dll+0x1a5bac]
V  [jvm.dll+0x1a6708]
V  [jvm.dll+0x2a975c]
V  [jvm.dll+0x6923b6]
V  [jvm.dll+0x68a3d5]
V  [jvm.dll+0x689a20]
V  [jvm.dll+0x687932]
V  [jvm.dll+0x1a5bac]
V  [jvm.dll+0x1a6708]
V  [jvm.dll+0x2a975c]
V  [jvm.dll+0x6923b6]
V  [jvm.dll+0x68a3d5]
V  [jvm.dll+0x689a20]
V  [jvm.dll+0x687932]
V  [jvm.dll+0x1a5bac]
V  [jvm.dll+0x1a6708]
V  [jvm.dll+0x1a6708]
V  [jvm.dll+0x2a975c]
V  [jvm.dll+0x6923b6]
V  [jvm.dll+0x68a3d5]
V  [jvm.dll+0x689a20]
V  [jvm.dll+0x687932]
V  [jvm.dll+0x1a5bac]
V  [jvm.dll+0x1a6708]
V  [jvm.dll+0x2a975c]
V  [jvm.dll+0x6923b6]
V  [jvm.dll+0x68a3d5]
V  [jvm.dll+0x689a20]
V  [jvm.dll+0x687932]
V  [jvm.dll+0x1a5bac]
V  [jvm.dll+0x1a6708]
V  [jvm.dll+0x2a975c]
V  [jvm.dll+0x6923b6]
V  [jvm.dll+0x68a3d5]
V  [jvm.dll+0x689a20]
V  [jvm.dll+0x687932]
V  [jvm.dll+0x1a5bac]
V  [jvm.dll+0x1a6708]
V  [jvm.dll+0x2a975c]
V  [jvm.dll+0x6923b6]
V  [jvm.dll+0x68a3d5]
V  [jvm.dll+0x689a20]
V  [jvm.dll+0x687932]
V  [jvm.dll+0x1a5bac]
V  [jvm.dll+0x1a6708]
V  [jvm.dll+0x2a975c]
V  [jvm.dll+0x6923b6]
V  [jvm.dll+0x68a3d5]
V  [jvm.dll+0x689a20]
V  [jvm.dll+0x687932]
V  [jvm.dll+0x1a5bac]
V  [jvm.dll+0x1a6708]
V  [jvm.dll+0x1a6708]
V  [jvm.dll+0x1a664a]
V  [jvm.dll+0x2a975c]
V  [jvm.dll+0x6923b6]
V  [jvm.dll+0x68a3d5]
V  [jvm.dll+0x689a20]
V  [jvm.dll+0x687932]
V  [jvm.dll+0x1a5bac]
V  [jvm.dll+0x1a6708]
V  [jvm.dll+0x2a975c]
V  [jvm.dll+0x6923b6]
V  [jvm.dll+0x68a3d5]
V  [jvm.dll+0x689a20]
V  [jvm.dll+0x687932]
V  [jvm.dll+0x1a5bac]
V  [jvm.dll+0x1a6708]
V  [jvm.dll+0x2a975c]
V  [jvm.dll+0x6923b6]
V  [jvm.dll+0x68a3d5]
V  [jvm.dll+0x689a20]
V  [jvm.dll+0x687932]
V  [jvm.dll+0x1a5bac]
V  [jvm.dll+0x1a6708]
V  [jvm.dll+0x2a975c]
V  [jvm.dll+0x6923b6]
V  [jvm.dll+0x68a3d5]
V  [jvm.dll+0x689a20]
V  [jvm.dll+0x687932]
...<more frames>...


---------------  P R O C E S S  ---------------

Threads class SMR info:
_java_thread_list=0x000002274d717920, length=94, elements={
0x00000227015f6600, 0x000002271f733400, 0x000002271f734a40, 0x000002271f749d40,
0x000002271f74c620, 0x000002271f74da60, 0x000002271f750eb0, 0x000002271f756690,
0x000002271f760f30, 0x000002271f76ab80, 0x000002271f720270, 0x000002271f9fcb90,
0x00000227402dc150, 0x00000227401fba50, 0x000002273fe2c170, 0x000002273f69d130,
0x000002273f69f4a0, 0x000002273f69e060, 0x000002273f69c200, 0x000002274074a8c0,
0x000002274074b2e0, 0x000002274074d140, 0x000002274149f9f0, 0x0000022744b43c30,
0x0000022744b45580, 0x0000022744b43210, 0x00000227445ec6d0, 0x00000227445ead80,
0x00000227445ecbe0, 0x00000227445e9430, 0x00000227445ef970, 0x00000227445ee020,
0x00000227445ed600, 0x00000227445ed0f0, 0x00000227445edb10, 0x00000227445ee530,
0x00000227445eea40, 0x00000227445eef50, 0x00000227445ef460, 0x00000227445eb7a0,
0x0000022744b3fa60, 0x0000022744b40480, 0x0000022744b40ea0, 0x0000022744b413b0,
0x0000022744b40990, 0x0000022744b418c0, 0x0000022744b3e110, 0x0000022744b41dd0,
0x0000022744b3f550, 0x0000022744b3e620, 0x0000022744b3ff70, 0x0000022744b422e0,
0x0000022744b3eb30, 0x0000022744b427f0, 0x0000022744b3f040, 0x0000022744b42d00,
0x0000022744b44140, 0x0000022744b44650, 0x0000022744b44b60, 0x0000022744b45070,
0x000002274074cc30, 0x0000022740749990, 0x000002274074bd00, 0x000002274074d650,
0x0000022740749ea0, 0x000002274074db60, 0x000002274074a3b0, 0x000002274074c720,
0x000002274074efa0, 0x000002274074e070, 0x000002274074f4b0, 0x000002274074e580,
0x000002274074f9c0, 0x000002274074fed0, 0x00000227407503e0, 0x00000227407508f0,
0x000002274074ea90, 0x0000022740750e00, 0x000002274149d680, 0x000002274149f4e0,
0x000002274149efd0, 0x000002274149ff00, 0x00000227414a3bc0, 0x00000227414a1850,
0x00000227414a2c90, 0x00000227414a1d60, 0x00000227414a40d0, 0x00000227414a31a0,
0x00000227414a36b0, 0x00000227414a0920, 0x00000227414a2270, 0x00000227414a0e30,
0x00000227414a2780, 0x0000022743a2c730
}

Java Threads: ( => current thread )
  0x00000227015f6600 JavaThread "main" [_thread_blocked, id=16084, stack(0x000000d201d00000,0x000000d201e00000)]
  0x000002271f733400 JavaThread "Reference Handler" daemon [_thread_blocked, id=16556, stack(0x000000d202400000,0x000000d202500000)]
  0x000002271f734a40 JavaThread "Finalizer" daemon [_thread_blocked, id=3544, stack(0x000000d202500000,0x000000d202600000)]
  0x000002271f749d40 JavaThread "Signal Dispatcher" daemon [_thread_blocked, id=16392, stack(0x000000d202600000,0x000000d202700000)]
  0x000002271f74c620 JavaThread "Attach Listener" daemon [_thread_blocked, id=10560, stack(0x000000d202700000,0x000000d202800000)]
  0x000002271f74da60 JavaThread "Service Thread" daemon [_thread_blocked, id=5460, stack(0x000000d202800000,0x000000d202900000)]
  0x000002271f750eb0 JavaThread "Monitor Deflation Thread" daemon [_thread_blocked, id=1652, stack(0x000000d202900000,0x000000d202a00000)]
=>0x000002271f756690 JavaThread "C2 CompilerThread0" daemon [_thread_in_native, id=16072, stack(0x000000d202a00000,0x000000d202b00000)]
  0x000002271f760f30 JavaThread "C1 CompilerThread0" daemon [_thread_blocked, id=12764, stack(0x000000d202b00000,0x000000d202c00000)]
  0x000002271f76ab80 JavaThread "Sweeper thread" daemon [_thread_blocked, id=456, stack(0x000000d202c00000,0x000000d202d00000)]
  0x000002271f720270 JavaThread "Common-Cleaner" daemon [_thread_blocked, id=13444, stack(0x000000d202d00000,0x000000d202e00000)]
  0x000002271f9fcb90 JavaThread "Notification Thread" daemon [_thread_blocked, id=6848, stack(0x000000d202e00000,0x000000d202f00000)]
  0x00000227402dc150 JavaThread "Daemon health stats" [_thread_blocked, id=13240, stack(0x000000d203200000,0x000000d203300000)]
  0x00000227401fba50 JavaThread "Incoming local TCP Connector on port 55919" [_thread_in_native, id=4100, stack(0x000000d203400000,0x000000d203500000)]
  0x000002273fe2c170 JavaThread "Daemon periodic checks" [_thread_blocked, id=13416, stack(0x000000d203500000,0x000000d203600000)]
  0x000002273f69d130 JavaThread "Cache worker for journal cache (C:\Users\Microsoft\.gradle\caches\journal-1)" [_thread_blocked, id=17536, stack(0x000000d203d00000,0x000000d203e00000)]
  0x000002273f69f4a0 JavaThread "File lock request listener" [_thread_in_native, id=14184, stack(0x000000d203e00000,0x000000d203f00000)]
  0x000002273f69e060 JavaThread "Cache worker for file hash cache (C:\Users\Microsoft\.gradle\caches\9.0.0\fileHashes)" [_thread_blocked, id=11820, stack(0x000000d204000000,0x000000d204100000)]
  0x000002273f69c200 JavaThread "File watcher server" daemon [_thread_in_native, id=1420, stack(0x000000d204300000,0x000000d204400000)]
  0x000002274074a8c0 JavaThread "File watcher consumer" daemon [_thread_blocked, id=2184, stack(0x000000d204400000,0x000000d204500000)]
  0x000002274074b2e0 JavaThread "Cache worker for file content cache (C:\Users\Microsoft\.gradle\caches\9.0.0\fileContent)" [_thread_blocked, id=14976, stack(0x000000d204600000,0x000000d204700000)]
  0x000002274074d140 JavaThread "jar transforms" [_thread_blocked, id=9292, stack(0x000000d204900000,0x000000d204a00000)]
  0x000002274149f9f0 JavaThread "Memory manager" [_thread_blocked, id=7384, stack(0x000000d205b00000,0x000000d205c00000)]
  0x0000022744b43c30 JavaThread "jar transforms Thread 2" [_thread_blocked, id=8672, stack(0x000000d207b00000,0x000000d207c00000)]
  0x0000022744b45580 JavaThread "jar transforms Thread 3" [_thread_blocked, id=14440, stack(0x000000d205c00000,0x000000d205d00000)]
  0x0000022744b43210 JavaThread "jar transforms Thread 4" [_thread_blocked, id=6132, stack(0x000000d208200000,0x000000d208300000)]
  0x00000227445ec6d0 JavaThread "Daemon Thread 2" [_thread_blocked, id=6924, stack(0x000000d201a00000,0x000000d201b00000)]
  0x00000227445ead80 JavaThread "Handler for socket connection from /127.0.0.1:55919 to /127.0.0.1:61794" [_thread_in_native, id=4940, stack(0x000000d201b00000,0x000000d201c00000)]
  0x00000227445ecbe0 JavaThread "Cancel handler" [_thread_blocked, id=13480, stack(0x000000d201c00000,0x000000d201d00000)]
  0x00000227445e9430 JavaThread "Daemon worker Thread 2" [_thread_blocked, id=10632, stack(0x000000d203600000,0x000000d203700000)]
  0x00000227445ef970 JavaThread "Asynchronous log dispatcher for DefaultDaemonConnection: socket connection from /127.0.0.1:55919 to /127.0.0.1:61794" [_thread_blocked, id=8476, stack(0x000000d203700000,0x000000d203800000)]
  0x00000227445ee020 JavaThread "Stdin handler" [_thread_blocked, id=4480, stack(0x000000d203800000,0x000000d203900000)]
  0x00000227445ed600 JavaThread "Daemon client event forwarder" [_thread_blocked, id=1200, stack(0x000000d203900000,0x000000d203a00000)]
  0x00000227445ed0f0 JavaThread "Cache worker for file hash cache (D:\ELP\elpapp\elp\android\.gradle\9.0.0\fileHashes)" [_thread_blocked, id=10284, stack(0x000000d203a00000,0x000000d203b00000)]
  0x00000227445edb10 JavaThread "Cache worker for Build Output Cleanup Cache (D:\ELP\elpapp\elp\android\.gradle\buildOutputCleanup)" [_thread_blocked, id=8380, stack(0x000000d203b00000,0x000000d203c00000)]
  0x00000227445ee530 JavaThread "Cache worker for checksums cache (D:\ELP\elpapp\elp\android\.gradle\9.0.0\checksums)" [_thread_blocked, id=18116, stack(0x000000d203c00000,0x000000d203d00000)]
  0x00000227445eea40 JavaThread "Cache worker for cache directory md-supplier (C:\Users\Microsoft\.gradle\caches\9.0.0\md-supplier)" [_thread_blocked, id=7984, stack(0x000000d203f00000,0x000000d204000000)]
  0x00000227445eef50 JavaThread "Cache worker for cache directory md-rule (C:\Users\Microsoft\.gradle\caches\9.0.0\md-rule)" [_thread_blocked, id=11776, stack(0x000000d204100000,0x000000d204200000)]
  0x00000227445ef460 JavaThread "Cache worker for Build Output Cleanup Cache (D:\ELP\elpapp\elp\node_modules\@react-native\gradle-plugin\.gradle\buildOutputCleanup)" [_thread_blocked, id=17960, stack(0x000000d204500000,0x000000d204600000)]
  0x00000227445eb7a0 JavaThread "Unconstrained build operations" [_thread_blocked, id=16712, stack(0x000000d204700000,0x000000d204800000)]
  0x0000022744b3fa60 JavaThread "Unconstrained build operations Thread 2" [_thread_blocked, id=17996, stack(0x000000d204800000,0x000000d204900000)]
  0x0000022744b40480 JavaThread "Unconstrained build operations Thread 3" [_thread_blocked, id=15604, stack(0x000000d204b00000,0x000000d204c00000)]
  0x0000022744b40ea0 JavaThread "Unconstrained build operations Thread 4" [_thread_blocked, id=15464, stack(0x000000d204c00000,0x000000d204d00000)]
  0x0000022744b413b0 JavaThread "Unconstrained build operations Thread 5" [_thread_blocked, id=17444, stack(0x000000d204e00000,0x000000d204f00000)]
  0x0000022744b40990 JavaThread "Unconstrained build operations Thread 6" [_thread_blocked, id=2288, stack(0x000000d204f00000,0x000000d205000000)]
  0x0000022744b418c0 JavaThread "Unconstrained build operations Thread 7" [_thread_blocked, id=15756, stack(0x000000d205000000,0x000000d205100000)]
  0x0000022744b3e110 JavaThread "Unconstrained build operations Thread 8" [_thread_blocked, id=16144, stack(0x000000d205100000,0x000000d205200000)]
  0x0000022744b41dd0 JavaThread "Unconstrained build operations Thread 9" [_thread_blocked, id=11088, stack(0x000000d205200000,0x000000d205300000)]
  0x0000022744b3f550 JavaThread "Unconstrained build operations Thread 10" [_thread_blocked, id=8428, stack(0x000000d205300000,0x000000d205400000)]
  0x0000022744b3e620 JavaThread "build event listener" [_thread_blocked, id=10244, stack(0x000000d205400000,0x000000d205500000)]
  0x0000022744b3ff70 JavaThread "ForkJoinPool.commonPool-worker-5" daemon [_thread_blocked, id=11372, stack(0x000000d205500000,0x000000d205600000)]
  0x0000022744b422e0 JavaThread "ForkJoinPool.commonPool-worker-6" daemon [_thread_blocked, id=12304, stack(0x000000d205600000,0x000000d205700000)]
  0x0000022744b3eb30 JavaThread "ForkJoinPool.commonPool-worker-7" daemon [_thread_blocked, id=9260, stack(0x000000d205700000,0x000000d205800000)]
  0x0000022744b427f0 JavaThread "included builds" [_thread_blocked, id=18020, stack(0x000000d205800000,0x000000d205900000)]
  0x0000022744b3f040 JavaThread "Execution worker" [_thread_blocked, id=9756, stack(0x000000d205900000,0x000000d205a00000)]
  0x0000022744b42d00 JavaThread "Execution worker Thread 2" [_thread_blocked, id=16568, stack(0x000000d205a00000,0x000000d205b00000)]
  0x0000022744b44140 JavaThread "Execution worker Thread 3" [_thread_blocked, id=7264, stack(0x000000d205d00000,0x000000d205e00000)]
  0x0000022744b44650 JavaThread "Cache worker for execution history cache (D:\ELP\elpapp\elp\node_modules\@react-native\gradle-plugin\.gradle\9.0.0\executionHistory)" [_thread_blocked, id=16792, stack(0x000000d205e00000,0x000000d205f00000)]
  0x0000022744b44b60 JavaThread "Unconstrained build operations Thread 11" [_thread_blocked, id=8580, stack(0x000000d205f00000,0x000000d206000000)]
  0x0000022744b45070 JavaThread "Unconstrained build operations Thread 12" [_thread_blocked, id=14252, stack(0x000000d206000000,0x000000d206100000)]
  0x000002274074cc30 JavaThread "Unconstrained build operations Thread 13" [_thread_blocked, id=15884, stack(0x000000d206100000,0x000000d206200000)]
  0x0000022740749990 JavaThread "Unconstrained build operations Thread 14" [_thread_blocked, id=9144, stack(0x000000d206200000,0x000000d206300000)]
  0x000002274074bd00 JavaThread "Unconstrained build operations Thread 15" [_thread_blocked, id=7256, stack(0x000000d206300000,0x000000d206400000)]
  0x000002274074d650 JavaThread "Unconstrained build operations Thread 16" [_thread_blocked, id=9384, stack(0x000000d206400000,0x000000d206500000)]
  0x0000022740749ea0 JavaThread "Unconstrained build operations Thread 17" [_thread_blocked, id=2220, stack(0x000000d206500000,0x000000d206600000)]
  0x000002274074db60 JavaThread "Unconstrained build operations Thread 18" [_thread_blocked, id=13932, stack(0x000000d206600000,0x000000d206700000)]
  0x000002274074a3b0 JavaThread "Unconstrained build operations Thread 19" [_thread_blocked, id=17448, stack(0x000000d206700000,0x000000d206800000)]
  0x000002274074c720 JavaThread "Unconstrained build operations Thread 20" [_thread_blocked, id=2944, stack(0x000000d206800000,0x000000d206900000)]
  0x000002274074efa0 JavaThread "Unconstrained build operations Thread 21" [_thread_blocked, id=17012, stack(0x000000d206900000,0x000000d206a00000)]
  0x000002274074e070 JavaThread "Unconstrained build operations Thread 22" [_thread_blocked, id=13648, stack(0x000000d206a00000,0x000000d206b00000)]
  0x000002274074f4b0 JavaThread "Unconstrained build operations Thread 23" [_thread_blocked, id=9876, stack(0x000000d206b00000,0x000000d206c00000)]
  0x000002274074e580 JavaThread "Unconstrained build operations Thread 24" [_thread_blocked, id=16728, stack(0x000000d206c00000,0x000000d206d00000)]
  0x000002274074f9c0 JavaThread "Unconstrained build operations Thread 25" [_thread_blocked, id=11624, stack(0x000000d206d00000,0x000000d206e00000)]
  0x000002274074fed0 JavaThread "Unconstrained build operations Thread 26" [_thread_blocked, id=12556, stack(0x000000d206e00000,0x000000d206f00000)]
  0x00000227407503e0 JavaThread "Unconstrained build operations Thread 27" [_thread_blocked, id=3144, stack(0x000000d206f00000,0x000000d207000000)]
  0x00000227407508f0 JavaThread "Unconstrained build operations Thread 28" [_thread_blocked, id=15680, stack(0x000000d207000000,0x000000d207100000)]
  0x000002274074ea90 JavaThread "Unconstrained build operations Thread 29" [_thread_blocked, id=16236, stack(0x000000d207100000,0x000000d207200000)]
  0x0000022740750e00 JavaThread "Unconstrained build operations Thread 30" [_thread_blocked, id=6204, stack(0x000000d207200000,0x000000d207300000)]
  0x000002274149d680 JavaThread "Unconstrained build operations Thread 31" [_thread_blocked, id=3276, stack(0x000000d207300000,0x000000d207400000)]
  0x000002274149f4e0 JavaThread "Unconstrained build operations Thread 32" [_thread_blocked, id=6608, stack(0x000000d207400000,0x000000d207500000)]
  0x000002274149efd0 JavaThread "build event listener" [_thread_blocked, id=11748, stack(0x000000d207500000,0x000000d207600000)]
  0x000002274149ff00 JavaThread "Problems report writer" [_thread_blocked, id=7484, stack(0x000000d207600000,0x000000d207700000)]
  0x00000227414a3bc0 JavaThread "Unconstrained build operations Thread 33" [_thread_blocked, id=3424, stack(0x000000d207700000,0x000000d207800000)]
  0x00000227414a1850 JavaThread "Unconstrained build operations Thread 34" [_thread_blocked, id=4980, stack(0x000000d207800000,0x000000d207900000)]
  0x00000227414a2c90 JavaThread "Unconstrained build operations Thread 35" [_thread_blocked, id=6592, stack(0x000000d207900000,0x000000d207a00000)]
  0x00000227414a1d60 JavaThread "Unconstrained build operations Thread 36" [_thread_blocked, id=11612, stack(0x000000d207a00000,0x000000d207b00000)]
  0x00000227414a40d0 JavaThread "Unconstrained build operations Thread 37" [_thread_blocked, id=16276, stack(0x000000d207c00000,0x000000d207d00000)]
  0x00000227414a31a0 JavaThread "Unconstrained build operations Thread 38" [_thread_blocked, id=13068, stack(0x000000d207d00000,0x000000d207e00000)]
  0x00000227414a36b0 JavaThread "Unconstrained build operations Thread 39" [_thread_blocked, id=10028, stack(0x000000d207e00000,0x000000d207f00000)]
  0x00000227414a0920 JavaThread "Unconstrained build operations Thread 40" [_thread_blocked, id=5380, stack(0x000000d207f00000,0x000000d208000000)]
  0x00000227414a2270 JavaThread "Exec process Thread 4" [_thread_in_native, id=8248, stack(0x000000d204d00000,0x000000d204e00000)]
  0x00000227414a0e30 JavaThread "Exec process Thread 5" [_thread_in_native, id=1432, stack(0x000000d208000000,0x000000d208100000)]
  0x00000227414a2780 JavaThread "Exec process Thread 6" [_thread_in_native, id=12452, stack(0x000000d208100000,0x000000d208200000)]
  0x0000022743a2c730 JavaThread "Cache worker for execution history cache (D:\ELP\elpapp\elp\android\.gradle\9.0.0\executionHistory)" [_thread_blocked, id=13844, stack(0x000000d208400000,0x000000d208500000)]

Other Threads:
  0x000002271f72df30 VMThread "VM Thread" [stack: 0x000000d202300000,0x000000d202400000] [id=9160]
  0x0000022701670710 WatcherThread [stack: 0x000000d202f00000,0x000000d203000000] [id=5372]
  0x00000227016557d0 GCTaskThread "GC Thread#0" [stack: 0x000000d201e00000,0x000000d201f00000] [id=10948]
  0x000002271fa317c0 GCTaskThread "GC Thread#1" [stack: 0x000000d203000000,0x000000d203100000] [id=4916]
  0x000002271fb2b640 GCTaskThread "GC Thread#2" [stack: 0x000000d203100000,0x000000d203200000] [id=16688]
  0x000002273fef8e10 GCTaskThread "GC Thread#3" [stack: 0x000000d203300000,0x000000d203400000] [id=11852]
  0x0000022701667300 ConcurrentGCThread "G1 Main Marker" [stack: 0x000000d201f00000,0x000000d202000000] [id=7568]
  0x00000227016683c0 ConcurrentGCThread "G1 Conc#0" [stack: 0x000000d202000000,0x000000d202100000] [id=11708]
  0x000002271f5e44c0 ConcurrentGCThread "G1 Refine#0" [stack: 0x000000d202100000,0x000000d202200000] [id=10360]
  0x0000022741285840 ConcurrentGCThread "G1 Refine#1" [stack: 0x000000d204a00000,0x000000d204b00000] [id=11116]
  0x000002271f5e5cb0 ConcurrentGCThread "G1 Service" [stack: 0x000000d202200000,0x000000d202300000] [id=5820]

Threads with active compile tasks:
C2 CompilerThread0  1826368 25302   !   4       org.gradle.internal.logging.text.StreamBackedStandardOutputListener::onOutput (30 bytes)

VM state: not at safepoint (normal execution)

VM Mutex/Monitor currently owned by a thread: None

Heap address: 0x0000000080000000, size: 2048 MB, Compressed Oops mode: 32-bit

CDS archive(s) mapped at: [0x0000022720000000-0x0000022720bd0000-0x0000022720bd0000), size 12386304, SharedBaseAddress: 0x0000022720000000, ArchiveRelocationMode: 1.
Compressed class space mapped at: 0x0000022721000000-0x000002273b000000, reserved size: 436207616
Narrow klass base: 0x0000022720000000, Narrow klass shift: 0, Narrow klass range: 0x100000000

GC Precious Log:
 CPUs: 4 total, 4 available
 Memory: 8079M
 Large Page Support: Disabled
 NUMA Support: Disabled
 Compressed Oops: Enabled (32-bit)
 Heap Region Size: 1M
 Heap Min Capacity: 8M
 Heap Initial Capacity: 128M
 Heap Max Capacity: 2G
 Pre-touch: Disabled
 Parallel Workers: 4
 Concurrent Workers: 1
 Concurrent Refinement Workers: 4
 Periodic GC: Disabled

Heap:
 garbage-first heap   total 629760K, used 379904K [0x0000000080000000, 0x0000000100000000)
  region size 1024K, 32 young (32768K), 3 survivors (3072K)
 Metaspace       used 132396K, committed 134720K, reserved 557056K
  class space    used 18097K, committed 19264K, reserved 425984K

Heap Regions: E=young(eden), S=young(survivor), O=old, HS=humongous(starts), HC=humongous(continues), CS=collection set, F=free, OA=open archive, CA=closed archive, TAMS=top-at-mark-start (previous, next)
|   0|0x0000000080000000, 0x0000000080100000, 0x0000000080100000|100%|HS|  |TAMS 0x0000000080100000, 0x0000000080000000| Complete 
|   1|0x0000000080100000, 0x0000000080200000, 0x0000000080200000|100%|HC|  |TAMS 0x0000000080200000, 0x0000000080100000| Complete 
|   2|0x0000000080200000, 0x0000000080300000, 0x0000000080300000|100%|HC|  |TAMS 0x0000000080300000, 0x0000000080200000| Complete 
|   3|0x0000000080300000, 0x0000000080400000, 0x0000000080400000|100%| O|  |TAMS 0x0000000080400000, 0x0000000080300000| Untracked 
|   4|0x0000000080400000, 0x0000000080500000, 0x0000000080500000|100%| O|  |TAMS 0x0000000080500000, 0x0000000080400000| Untracked 
|   5|0x0000000080500000, 0x0000000080600000, 0x0000000080600000|100%| O|  |TAMS 0x0000000080600000, 0x0000000080500000| Untracked 
|   6|0x0000000080600000, 0x0000000080700000, 0x0000000080700000|100%| O|  |TAMS 0x0000000080700000, 0x0000000080600000| Untracked 
|   7|0x0000000080700000, 0x0000000080800000, 0x0000000080800000|100%|HS|  |TAMS 0x0000000080800000, 0x0000000080700000| Complete 
|   8|0x0000000080800000, 0x0000000080900000, 0x0000000080900000|100%| O|  |TAMS 0x0000000080900000, 0x0000000080800000| Untracked 
|   9|0x0000000080900000, 0x0000000080a00000, 0x0000000080a00000|100%| O|  |TAMS 0x0000000080a00000, 0x0000000080900000| Untracked 
|  10|0x0000000080a00000, 0x0000000080b00000, 0x0000000080b00000|100%| O|  |TAMS 0x0000000080b00000, 0x0000000080a00000| Untracked 
|  11|0x0000000080b00000, 0x0000000080c00000, 0x0000000080c00000|100%| O|  |TAMS 0x0000000080c00000, 0x0000000080b00000| Untracked 
|  12|0x0000000080c00000, 0x0000000080d00000, 0x0000000080d00000|100%| O|  |TAMS 0x0000000080d00000, 0x0000000080c00000| Untracked 
|  13|0x0000000080d00000, 0x0000000080e00000, 0x0000000080e00000|100%| O|  |TAMS 0x0000000080e00000, 0x0000000080d00000| Untracked 
|  14|0x0000000080e00000, 0x0000000080f00000, 0x0000000080f00000|100%| O|  |TAMS 0x0000000080f00000, 0x0000000080e00000| Untracked 
|  15|0x0000000080f00000, 0x0000000081000000, 0x0000000081000000|100%| O|  |TAMS 0x0000000081000000, 0x0000000080f00000| Untracked 
|  16|0x0000000081000000, 0x0000000081100000, 0x0000000081100000|100%| O|  |TAMS 0x0000000081100000, 0x0000000081000000| Untracked 
|  17|0x0000000081100000, 0x0000000081200000, 0x0000000081200000|100%| O|  |TAMS 0x0000000081200000, 0x0000000081100000| Untracked 
|  18|0x0000000081200000, 0x0000000081300000, 0x0000000081300000|100%| O|  |TAMS 0x0000000081300000, 0x0000000081200000| Untracked 
|  19|0x0000000081300000, 0x0000000081400000, 0x0000000081400000|100%| O|  |TAMS 0x0000000081400000, 0x0000000081300000| Untracked 
|  20|0x0000000081400000, 0x0000000081500000, 0x0000000081500000|100%| O|  |TAMS 0x0000000081500000, 0x0000000081400000| Untracked 
|  21|0x0000000081500000, 0x0000000081600000, 0x0000000081600000|100%| O|  |TAMS 0x0000000081600000, 0x0000000081500000| Untracked 
|  22|0x0000000081600000, 0x0000000081600000, 0x0000000081700000|  0%| F|  |TAMS 0x0000000081600000, 0x0000000081600000| Untracked 
|  23|0x0000000081700000, 0x0000000081800000, 0x0000000081800000|100%| O|  |TAMS 0x0000000081800000, 0x0000000081700000| Untracked 
|  24|0x0000000081800000, 0x0000000081900000, 0x0000000081900000|100%| O|  |TAMS 0x0000000081900000, 0x0000000081800000| Untracked 
|  25|0x0000000081900000, 0x0000000081a00000, 0x0000000081a00000|100%| O|  |TAMS 0x0000000081a00000, 0x0000000081900000| Untracked 
|  26|0x0000000081a00000, 0x0000000081b00000, 0x0000000081b00000|100%| O|  |TAMS 0x0000000081b00000, 0x0000000081a00000| Untracked 
|  27|0x0000000081b00000, 0x0000000081c00000, 0x0000000081c00000|100%| O|  |TAMS 0x0000000081c00000, 0x0000000081b00000| Untracked 
|  28|0x0000000081c00000, 0x0000000081d00000, 0x0000000081d00000|100%| O|  |TAMS 0x0000000081d00000, 0x0000000081c00000| Untracked 
|  29|0x0000000081d00000, 0x0000000081e00000, 0x0000000081e00000|100%| O|  |TAMS 0x0000000081e00000, 0x0000000081d00000| Untracked 
|  30|0x0000000081e00000, 0x0000000081f00000, 0x0000000081f00000|100%| O|  |TAMS 0x0000000081f00000, 0x0000000081e00000| Untracked 
|  31|0x0000000081f00000, 0x0000000082000000, 0x0000000082000000|100%| O|  |TAMS 0x0000000082000000, 0x0000000081f00000| Untracked 
|  32|0x0000000082000000, 0x0000000082100000, 0x0000000082100000|100%| O|  |TAMS 0x0000000082100000, 0x0000000082000000| Untracked 
|  33|0x0000000082100000, 0x0000000082200000, 0x0000000082200000|100%| O|  |TAMS 0x0000000082200000, 0x0000000082100000| Untracked 
|  34|0x0000000082200000, 0x0000000082300000, 0x0000000082300000|100%| O|  |TAMS 0x0000000082300000, 0x0000000082200000| Untracked 
|  35|0x0000000082300000, 0x0000000082400000, 0x0000000082400000|100%|HS|  |TAMS 0x0000000082400000, 0x0000000082300000| Complete 
|  36|0x0000000082400000, 0x0000000082500000, 0x0000000082500000|100%|HC|  |TAMS 0x0000000082500000, 0x0000000082400000| Complete 
|  37|0x0000000082500000, 0x0000000082600000, 0x0000000082600000|100%|HC|  |TAMS 0x0000000082600000, 0x0000000082500000| Complete 
|  38|0x0000000082600000, 0x0000000082700000, 0x0000000082700000|100%|HS|  |TAMS 0x0000000082700000, 0x0000000082600000| Complete 
|  39|0x0000000082700000, 0x0000000082800000, 0x0000000082800000|100%|HC|  |TAMS 0x0000000082800000, 0x0000000082700000| Complete 
|  40|0x0000000082800000, 0x0000000082900000, 0x0000000082900000|100%|HC|  |TAMS 0x0000000082900000, 0x0000000082800000| Complete 
|  41|0x0000000082900000, 0x0000000082900000, 0x0000000082a00000|  0%| F|  |TAMS 0x0000000082900000, 0x0000000082900000| Untracked 
|  42|0x0000000082a00000, 0x0000000082b00000, 0x0000000082b00000|100%| O|  |TAMS 0x0000000082b00000, 0x0000000082a00000| Untracked 
|  43|0x0000000082b00000, 0x0000000082c00000, 0x0000000082c00000|100%| O|  |TAMS 0x0000000082c00000, 0x0000000082b00000| Untracked 
|  44|0x0000000082c00000, 0x0000000082d00000, 0x0000000082d00000|100%| O|  |TAMS 0x0000000082d00000, 0x0000000082c00000| Untracked 
|  45|0x0000000082d00000, 0x0000000082e00000, 0x0000000082e00000|100%| O|  |TAMS 0x0000000082e00000, 0x0000000082d00000| Untracked 
|  46|0x0000000082e00000, 0x0000000082f00000, 0x0000000082f00000|100%| O|  |TAMS 0x0000000082f00000, 0x0000000082e00000| Untracked 
|  47|0x0000000082f00000, 0x0000000082f00000, 0x0000000083000000|  0%| F|  |TAMS 0x0000000082f00000, 0x0000000082f00000| Untracked 
|  48|0x0000000083000000, 0x0000000083100000, 0x0000000083100000|100%| O|  |TAMS 0x0000000083100000, 0x0000000083000000| Untracked 
|  49|0x0000000083100000, 0x0000000083200000, 0x0000000083200000|100%| O|  |TAMS 0x0000000083200000, 0x0000000083100000| Untracked 
|  50|0x0000000083200000, 0x0000000083200000, 0x0000000083300000|  0%| F|  |TAMS 0x0000000083200000, 0x0000000083200000| Untracked 
|  51|0x0000000083300000, 0x0000000083400000, 0x0000000083400000|100%| O|  |TAMS 0x0000000083400000, 0x0000000083300000| Untracked 
|  52|0x0000000083400000, 0x0000000083500000, 0x0000000083500000|100%| O|  |TAMS 0x0000000083500000, 0x0000000083400000| Untracked 
|  53|0x0000000083500000, 0x0000000083600000, 0x0000000083600000|100%| O|  |TAMS 0x0000000083600000, 0x0000000083500000| Untracked 
|  54|0x0000000083600000, 0x0000000083700000, 0x0000000083700000|100%| O|  |TAMS 0x0000000083700000, 0x0000000083600000| Untracked 
|  55|0x0000000083700000, 0x0000000083800000, 0x0000000083800000|100%| O|  |TAMS 0x0000000083800000, 0x0000000083700000| Untracked 
|  56|0x0000000083800000, 0x0000000083900000, 0x0000000083900000|100%| O|  |TAMS 0x0000000083900000, 0x0000000083800000| Untracked 
|  57|0x0000000083900000, 0x0000000083a00000, 0x0000000083a00000|100%| O|  |TAMS 0x0000000083a00000, 0x0000000083900000| Untracked 
|  58|0x0000000083a00000, 0x0000000083b00000, 0x0000000083b00000|100%| O|  |TAMS 0x0000000083b00000, 0x0000000083a00000| Untracked 
|  59|0x0000000083b00000, 0x0000000083c00000, 0x0000000083c00000|100%| O|  |TAMS 0x0000000083c00000, 0x0000000083b00000| Untracked 
|  60|0x0000000083c00000, 0x0000000083d00000, 0x0000000083d00000|100%|HS|  |TAMS 0x0000000083d00000, 0x0000000083c00000| Complete 
|  61|0x0000000083d00000, 0x0000000083e00000, 0x0000000083e00000|100%|HS|  |TAMS 0x0000000083e00000, 0x0000000083d00000| Complete 
|  62|0x0000000083e00000, 0x0000000083f00000, 0x0000000083f00000|100%| O|  |TAMS 0x0000000083f00000, 0x0000000083e00000| Untracked 
|  63|0x0000000083f00000, 0x0000000084000000, 0x0000000084000000|100%| O|  |TAMS 0x0000000083f00000, 0x0000000083f00000| Untracked 
|  64|0x0000000084000000, 0x0000000084000000, 0x0000000084100000|  0%| F|  |TAMS 0x0000000084000000, 0x0000000084000000| Untracked 
|  65|0x0000000084100000, 0x0000000084200000, 0x0000000084200000|100%| O|  |TAMS 0x0000000084200000, 0x0000000084100000| Untracked 
|  66|0x0000000084200000, 0x0000000084300000, 0x0000000084300000|100%| O|  |TAMS 0x0000000084300000, 0x0000000084200000| Untracked 
|  67|0x0000000084300000, 0x0000000084400000, 0x0000000084400000|100%| O|  |TAMS 0x0000000084400000, 0x0000000084300000| Untracked 
|  68|0x0000000084400000, 0x0000000084500000, 0x0000000084500000|100%| O|  |TAMS 0x0000000084500000, 0x0000000084400000| Untracked 
|  69|0x0000000084500000, 0x0000000084600000, 0x0000000084600000|100%| O|  |TAMS 0x0000000084600000, 0x0000000084500000| Untracked 
|  70|0x0000000084600000, 0x0000000084700000, 0x0000000084700000|100%| O|  |TAMS 0x0000000084700000, 0x0000000084600000| Untracked 
|  71|0x0000000084700000, 0x0000000084800000, 0x0000000084800000|100%| O|  |TAMS 0x0000000084800000, 0x0000000084700000| Untracked 
|  72|0x0000000084800000, 0x0000000084900000, 0x0000000084900000|100%| O|  |TAMS 0x0000000084800000, 0x0000000084800000| Untracked 
|  73|0x0000000084900000, 0x0000000084a00000, 0x0000000084a00000|100%| O|  |TAMS 0x0000000084900000, 0x0000000084900000| Untracked 
|  74|0x0000000084a00000, 0x0000000084b00000, 0x0000000084b00000|100%| O|  |TAMS 0x0000000084b00000, 0x0000000084a00000| Untracked 
|  75|0x0000000084b00000, 0x0000000084c00000, 0x0000000084c00000|100%| O|  |TAMS 0x0000000084c00000, 0x0000000084b00000| Untracked 
|  76|0x0000000084c00000, 0x0000000084d00000, 0x0000000084d00000|100%| O|  |TAMS 0x0000000084d00000, 0x0000000084c00000| Untracked 
|  77|0x0000000084d00000, 0x0000000084e00000, 0x0000000084e00000|100%| O|  |TAMS 0x0000000084e00000, 0x0000000084d00000| Untracked 
|  78|0x0000000084e00000, 0x0000000084f00000, 0x0000000084f00000|100%|HS|  |TAMS 0x0000000084f00000, 0x0000000084e00000| Complete 
|  79|0x0000000084f00000, 0x0000000085000000, 0x0000000085000000|100%|HS|  |TAMS 0x0000000085000000, 0x0000000084f00000| Complete 
|  80|0x0000000085000000, 0x0000000085100000, 0x0000000085100000|100%|HS|  |TAMS 0x0000000085100000, 0x0000000085000000| Complete 
|  81|0x0000000085100000, 0x0000000085200000, 0x0000000085200000|100%|HS|  |TAMS 0x0000000085200000, 0x0000000085100000| Complete 
|  82|0x0000000085200000, 0x0000000085300000, 0x0000000085300000|100%| O|  |TAMS 0x0000000085300000, 0x0000000085200000| Untracked 
|  83|0x0000000085300000, 0x0000000085400000, 0x0000000085400000|100%|HS|  |TAMS 0x0000000085400000, 0x0000000085300000| Complete 
|  84|0x0000000085400000, 0x0000000085500000, 0x0000000085500000|100%|HS|  |TAMS 0x0000000085500000, 0x0000000085400000| Complete 
|  85|0x0000000085500000, 0x0000000085600000, 0x0000000085600000|100%| O|  |TAMS 0x0000000085600000, 0x0000000085500000| Untracked 
|  86|0x0000000085600000, 0x0000000085700000, 0x0000000085700000|100%| O|  |TAMS 0x0000000085700000, 0x0000000085600000| Untracked 
|  87|0x0000000085700000, 0x0000000085800000, 0x0000000085800000|100%| O|  |TAMS 0x0000000085800000, 0x0000000085700000| Untracked 
|  88|0x0000000085800000, 0x0000000085900000, 0x0000000085900000|100%| O|  |TAMS 0x0000000085900000, 0x0000000085800000| Untracked 
|  89|0x0000000085900000, 0x0000000085a00000, 0x0000000085a00000|100%| O|  |TAMS 0x0000000085a00000, 0x0000000085900000| Untracked 
|  90|0x0000000085a00000, 0x0000000085b00000, 0x0000000085b00000|100%| O|  |TAMS 0x0000000085b00000, 0x0000000085a00000| Untracked 
|  91|0x0000000085b00000, 0x0000000085c00000, 0x0000000085c00000|100%| O|  |TAMS 0x0000000085c00000, 0x0000000085b00000| Untracked 
|  92|0x0000000085c00000, 0x0000000085d00000, 0x0000000085d00000|100%| O|  |TAMS 0x0000000085d00000, 0x0000000085c00000| Untracked 
|  93|0x0000000085d00000, 0x0000000085e00000, 0x0000000085e00000|100%| O|  |TAMS 0x0000000085e00000, 0x0000000085d00000| Untracked 
|  94|0x0000000085e00000, 0x0000000085f00000, 0x0000000085f00000|100%| O|  |TAMS 0x0000000085f00000, 0x0000000085e00000| Untracked 
|  95|0x0000000085f00000, 0x0000000086000000, 0x0000000086000000|100%| O|  |TAMS 0x0000000086000000, 0x0000000085f00000| Untracked 
|  96|0x0000000086000000, 0x0000000086000000, 0x0000000086100000|  0%| F|  |TAMS 0x0000000086000000, 0x0000000086000000| Untracked 
|  97|0x0000000086100000, 0x0000000086200000, 0x0000000086200000|100%|HS|  |TAMS 0x0000000086200000, 0x0000000086100000| Complete 
|  98|0x0000000086200000, 0x0000000086200000, 0x0000000086300000|  0%| F|  |TAMS 0x0000000086200000, 0x0000000086200000| Untracked 
|  99|0x0000000086300000, 0x0000000086300000, 0x0000000086400000|  0%| F|  |TAMS 0x0000000086300000, 0x0000000086300000| Untracked 
| 100|0x0000000086400000, 0x0000000086500000, 0x0000000086500000|100%|HS|  |TAMS 0x0000000086500000, 0x0000000086400000| Complete 
| 101|0x0000000086500000, 0x0000000086600000, 0x0000000086600000|100%|HC|  |TAMS 0x0000000086600000, 0x0000000086500000| Complete 
| 102|0x0000000086600000, 0x0000000086700000, 0x0000000086700000|100%|HC|  |TAMS 0x0000000086700000, 0x0000000086600000| Complete 
| 103|0x0000000086700000, 0x0000000086800000, 0x0000000086800000|100%| O|  |TAMS 0x0000000086800000, 0x0000000086700000| Untracked 
| 104|0x0000000086800000, 0x0000000086900000, 0x0000000086900000|100%| O|  |TAMS 0x0000000086900000, 0x0000000086800000| Untracked 
| 105|0x0000000086900000, 0x0000000086a00000, 0x0000000086a00000|100%| O|  |TAMS 0x0000000086a00000, 0x0000000086900000| Untracked 
| 106|0x0000000086a00000, 0x0000000086b00000, 0x0000000086b00000|100%| O|  |TAMS 0x0000000086b00000, 0x0000000086a00000| Untracked 
| 107|0x0000000086b00000, 0x0000000086c00000, 0x0000000086c00000|100%| O|  |TAMS 0x0000000086c00000, 0x0000000086b00000| Untracked 
| 108|0x0000000086c00000, 0x0000000086d00000, 0x0000000086d00000|100%| O|  |TAMS 0x0000000086d00000, 0x0000000086c00000| Untracked 
| 109|0x0000000086d00000, 0x0000000086e00000, 0x0000000086e00000|100%| O|  |TAMS 0x0000000086e00000, 0x0000000086d00000| Untracked 
| 110|0x0000000086e00000, 0x0000000086e00000, 0x0000000086f00000|  0%| F|  |TAMS 0x0000000086e00000, 0x0000000086e00000| Untracked 
| 111|0x0000000086f00000, 0x0000000087000000, 0x0000000087000000|100%| O|  |TAMS 0x0000000087000000, 0x0000000086f00000| Untracked 
| 112|0x0000000087000000, 0x0000000087100000, 0x0000000087100000|100%| O|  |TAMS 0x0000000087100000, 0x0000000087000000| Untracked 
| 113|0x0000000087100000, 0x0000000087200000, 0x0000000087200000|100%| O|  |TAMS 0x0000000087200000, 0x0000000087100000| Untracked 
| 114|0x0000000087200000, 0x0000000087300000, 0x0000000087300000|100%| O|  |TAMS 0x0000000087300000, 0x0000000087200000| Untracked 
| 115|0x0000000087300000, 0x0000000087400000, 0x0000000087400000|100%| O|  |TAMS 0x0000000087400000, 0x0000000087300000| Untracked 
| 116|0x0000000087400000, 0x0000000087500000, 0x0000000087500000|100%| O|  |TAMS 0x0000000087500000, 0x0000000087400000| Untracked 
| 117|0x0000000087500000, 0x0000000087600000, 0x0000000087600000|100%| O|  |TAMS 0x0000000087600000, 0x0000000087500000| Untracked 
| 118|0x0000000087600000, 0x0000000087700000, 0x0000000087700000|100%| O|  |TAMS 0x0000000087700000, 0x0000000087600000| Untracked 
| 119|0x0000000087700000, 0x0000000087800000, 0x0000000087800000|100%| O|  |TAMS 0x0000000087800000, 0x0000000087700000| Untracked 
| 120|0x0000000087800000, 0x0000000087900000, 0x0000000087900000|100%| O|  |TAMS 0x0000000087900000, 0x0000000087800000| Untracked 
| 121|0x0000000087900000, 0x0000000087a00000, 0x0000000087a00000|100%| O|  |TAMS 0x0000000087a00000, 0x0000000087900000| Untracked 
| 122|0x0000000087a00000, 0x0000000087b00000, 0x0000000087b00000|100%| O|  |TAMS 0x0000000087b00000, 0x0000000087a00000| Untracked 
| 123|0x0000000087b00000, 0x0000000087c00000, 0x0000000087c00000|100%| O|  |TAMS 0x0000000087c00000, 0x0000000087b00000| Untracked 
| 124|0x0000000087c00000, 0x0000000087d00000, 0x0000000087d00000|100%| O|  |TAMS 0x0000000087d00000, 0x0000000087c00000| Untracked 
| 125|0x0000000087d00000, 0x0000000087e00000, 0x0000000087e00000|100%| O|  |TAMS 0x0000000087e00000, 0x0000000087d00000| Untracked 
| 126|0x0000000087e00000, 0x0000000087f00000, 0x0000000087f00000|100%| O|  |TAMS 0x0000000087f00000, 0x0000000087e00000| Untracked 
| 127|0x0000000087f00000, 0x0000000088000000, 0x0000000088000000|100%| O|  |TAMS 0x0000000088000000, 0x0000000087f00000| Untracked 
| 128|0x0000000088000000, 0x0000000088100000, 0x0000000088100000|100%|HS|  |TAMS 0x0000000088100000, 0x0000000088000000| Complete 
| 129|0x0000000088100000, 0x0000000088200000, 0x0000000088200000|100%|HC|  |TAMS 0x0000000088200000, 0x0000000088100000| Complete 
| 130|0x0000000088200000, 0x0000000088300000, 0x0000000088300000|100%|HS|  |TAMS 0x0000000088300000, 0x0000000088200000| Complete 
| 131|0x0000000088300000, 0x0000000088400000, 0x0000000088400000|100%|HC|  |TAMS 0x0000000088400000, 0x0000000088300000| Complete 
| 132|0x0000000088400000, 0x0000000088500000, 0x0000000088500000|100%|HC|  |TAMS 0x0000000088500000, 0x0000000088400000| Complete 
| 133|0x0000000088500000, 0x0000000088600000, 0x0000000088600000|100%|HC|  |TAMS 0x0000000088600000, 0x0000000088500000| Complete 
| 134|0x0000000088600000, 0x0000000088700000, 0x0000000088700000|100%| O|  |TAMS 0x0000000088700000, 0x0000000088600000| Untracked 
| 135|0x0000000088700000, 0x0000000088800000, 0x0000000088800000|100%| O|  |TAMS 0x0000000088800000, 0x0000000088700000| Untracked 
| 136|0x0000000088800000, 0x0000000088900000, 0x0000000088900000|100%| O|  |TAMS 0x0000000088900000, 0x0000000088800000| Untracked 
| 137|0x0000000088900000, 0x0000000088a00000, 0x0000000088a00000|100%| O|  |TAMS 0x0000000088a00000, 0x0000000088900000| Untracked 
| 138|0x0000000088a00000, 0x0000000088b00000, 0x0000000088b00000|100%| O|  |TAMS 0x0000000088b00000, 0x0000000088a00000| Untracked 
| 139|0x0000000088b00000, 0x0000000088c00000, 0x0000000088c00000|100%| O|  |TAMS 0x0000000088c00000, 0x0000000088b00000| Untracked 
| 140|0x0000000088c00000, 0x0000000088d00000, 0x0000000088d00000|100%| O|  |TAMS 0x0000000088d00000, 0x0000000088c00000| Untracked 
| 141|0x0000000088d00000, 0x0000000088e00000, 0x0000000088e00000|100%| O|  |TAMS 0x0000000088e00000, 0x0000000088d00000| Untracked 
| 142|0x0000000088e00000, 0x0000000088f00000, 0x0000000088f00000|100%| O|  |TAMS 0x0000000088f00000, 0x0000000088e00000| Untracked 
| 143|0x0000000088f00000, 0x0000000089000000, 0x0000000089000000|100%| O|  |TAMS 0x0000000089000000, 0x0000000088f00000| Untracked 
| 144|0x0000000089000000, 0x0000000089100000, 0x0000000089100000|100%| O|  |TAMS 0x0000000089100000, 0x0000000089000000| Untracked 
| 145|0x0000000089100000, 0x0000000089200000, 0x0000000089200000|100%| O|  |TAMS 0x0000000089200000, 0x0000000089100000| Untracked 
| 146|0x0000000089200000, 0x0000000089300000, 0x0000000089300000|100%| O|  |TAMS 0x0000000089300000, 0x0000000089200000| Untracked 
| 147|0x0000000089300000, 0x0000000089400000, 0x0000000089400000|100%|HS|  |TAMS 0x0000000089400000, 0x0000000089300000| Complete 
| 148|0x0000000089400000, 0x0000000089500000, 0x0000000089500000|100%|HC|  |TAMS 0x0000000089500000, 0x0000000089400000| Complete 
| 149|0x0000000089500000, 0x0000000089600000, 0x0000000089600000|100%| O|  |TAMS 0x0000000089600000, 0x0000000089500000| Untracked 
| 150|0x0000000089600000, 0x0000000089700000, 0x0000000089700000|100%| O|  |TAMS 0x0000000089700000, 0x0000000089600000| Untracked 
| 151|0x0000000089700000, 0x0000000089800000, 0x0000000089800000|100%| O|  |TAMS 0x0000000089800000, 0x0000000089700000| Untracked 
| 152|0x0000000089800000, 0x0000000089900000, 0x0000000089900000|100%| O|  |TAMS 0x0000000089900000, 0x0000000089800000| Untracked 
| 153|0x0000000089900000, 0x0000000089a00000, 0x0000000089a00000|100%| O|  |TAMS 0x0000000089a00000, 0x0000000089900000| Untracked 
| 154|0x0000000089a00000, 0x0000000089b00000, 0x0000000089b00000|100%| O|  |TAMS 0x0000000089b00000, 0x0000000089a00000| Untracked 
| 155|0x0000000089b00000, 0x0000000089b00000, 0x0000000089c00000|  0%| F|  |TAMS 0x0000000089b00000, 0x0000000089b00000| Untracked 
| 156|0x0000000089c00000, 0x0000000089c00000, 0x0000000089d00000|  0%| F|  |TAMS 0x0000000089c00000, 0x0000000089c00000| Untracked 
| 157|0x0000000089d00000, 0x0000000089e00000, 0x0000000089e00000|100%| O|  |TAMS 0x0000000089e00000, 0x0000000089d00000| Untracked 
| 158|0x0000000089e00000, 0x0000000089e00000, 0x0000000089f00000|  0%| F|  |TAMS 0x0000000089e00000, 0x0000000089e00000| Untracked 
| 159|0x0000000089f00000, 0x000000008a000000, 0x000000008a000000|100%| O|  |TAMS 0x000000008a000000, 0x0000000089f00000| Untracked 
| 160|0x000000008a000000, 0x000000008a100000, 0x000000008a100000|100%| O|  |TAMS 0x000000008a100000, 0x000000008a000000| Untracked 
| 161|0x000000008a100000, 0x000000008a200000, 0x000000008a200000|100%| O|  |TAMS 0x000000008a200000, 0x000000008a100000| Untracked 
| 162|0x000000008a200000, 0x000000008a300000, 0x000000008a300000|100%| O|  |TAMS 0x000000008a300000, 0x000000008a200000| Untracked 
| 163|0x000000008a300000, 0x000000008a400000, 0x000000008a400000|100%| O|  |TAMS 0x000000008a400000, 0x000000008a300000| Untracked 
| 164|0x000000008a400000, 0x000000008a500000, 0x000000008a500000|100%| O|  |TAMS 0x000000008a500000, 0x000000008a400000| Untracked 
| 165|0x000000008a500000, 0x000000008a600000, 0x000000008a600000|100%| O|  |TAMS 0x000000008a600000, 0x000000008a500000| Untracked 
| 166|0x000000008a600000, 0x000000008a700000, 0x000000008a700000|100%| O|  |TAMS 0x000000008a600000, 0x000000008a600000| Untracked 
| 167|0x000000008a700000, 0x000000008a800000, 0x000000008a800000|100%| O|  |TAMS 0x000000008a800000, 0x000000008a700000| Untracked 
| 168|0x000000008a800000, 0x000000008a800000, 0x000000008a900000|  0%| F|  |TAMS 0x000000008a800000, 0x000000008a800000| Untracked 
| 169|0x000000008a900000, 0x000000008aa00000, 0x000000008aa00000|100%| O|  |TAMS 0x000000008aa00000, 0x000000008a900000| Untracked 
| 170|0x000000008aa00000, 0x000000008aa00000, 0x000000008ab00000|  0%| F|  |TAMS 0x000000008aa00000, 0x000000008aa00000| Untracked 
| 171|0x000000008ab00000, 0x000000008ac00000, 0x000000008ac00000|100%|HS|  |TAMS 0x000000008ac00000, 0x000000008ab00000| Complete 
| 172|0x000000008ac00000, 0x000000008ad00000, 0x000000008ad00000|100%|HS|  |TAMS 0x000000008ad00000, 0x000000008ac00000| Complete 
| 173|0x000000008ad00000, 0x000000008ae00000, 0x000000008ae00000|100%|HS|  |TAMS 0x000000008ae00000, 0x000000008ad00000| Complete 
| 174|0x000000008ae00000, 0x000000008af00000, 0x000000008af00000|100%| O|  |TAMS 0x000000008af00000, 0x000000008ae00000| Untracked 
| 175|0x000000008af00000, 0x000000008b000000, 0x000000008b000000|100%| O|  |TAMS 0x000000008b000000, 0x000000008af00000| Untracked 
| 176|0x000000008b000000, 0x000000008b100000, 0x000000008b100000|100%| O|  |TAMS 0x000000008b100000, 0x000000008b000000| Untracked 
| 177|0x000000008b100000, 0x000000008b200000, 0x000000008b200000|100%| O|  |TAMS 0x000000008b200000, 0x000000008b100000| Untracked 
| 178|0x000000008b200000, 0x000000008b300000, 0x000000008b300000|100%| O|  |TAMS 0x000000008b300000, 0x000000008b200000| Untracked 
| 179|0x000000008b300000, 0x000000008b400000, 0x000000008b400000|100%| O|  |TAMS 0x000000008b400000, 0x000000008b300000| Untracked 
| 180|0x000000008b400000, 0x000000008b500000, 0x000000008b500000|100%| O|  |TAMS 0x000000008b500000, 0x000000008b400000| Untracked 
| 181|0x000000008b500000, 0x000000008b600000, 0x000000008b600000|100%| O|  |TAMS 0x000000008b600000, 0x000000008b500000| Untracked 
| 182|0x000000008b600000, 0x000000008b600000, 0x000000008b700000|  0%| F|  |TAMS 0x000000008b600000, 0x000000008b600000| Untracked 
| 183|0x000000008b700000, 0x000000008b800000, 0x000000008b800000|100%| O|  |TAMS 0x000000008b800000, 0x000000008b700000| Untracked 
| 184|0x000000008b800000, 0x000000008b900000, 0x000000008b900000|100%| O|  |TAMS 0x000000008b900000, 0x000000008b800000| Untracked 
| 185|0x000000008b900000, 0x000000008ba00000, 0x000000008ba00000|100%| O|  |TAMS 0x000000008ba00000, 0x000000008b900000| Untracked 
| 186|0x000000008ba00000, 0x000000008bb00000, 0x000000008bb00000|100%| O|  |TAMS 0x000000008bb00000, 0x000000008ba00000| Untracked 
| 187|0x000000008bb00000, 0x000000008bc00000, 0x000000008bc00000|100%| O|  |TAMS 0x000000008bc00000, 0x000000008bb00000| Untracked 
| 188|0x000000008bc00000, 0x000000008bd00000, 0x000000008bd00000|100%| O|  |TAMS 0x000000008bd00000, 0x000000008bc00000| Untracked 
| 189|0x000000008bd00000, 0x000000008be00000, 0x000000008be00000|100%| O|  |TAMS 0x000000008be00000, 0x000000008bd00000| Untracked 
| 190|0x000000008be00000, 0x000000008bf00000, 0x000000008bf00000|100%| O|  |TAMS 0x000000008bf00000, 0x000000008be00000| Untracked 
| 191|0x000000008bf00000, 0x000000008c000000, 0x000000008c000000|100%| O|  |TAMS 0x000000008bf00000, 0x000000008bf00000| Untracked 
| 192|0x000000008c000000, 0x000000008c100000, 0x000000008c100000|100%|HS|  |TAMS 0x000000008c100000, 0x000000008c000000| Complete 
| 193|0x000000008c100000, 0x000000008c200000, 0x000000008c200000|100%|HS|  |TAMS 0x000000008c200000, 0x000000008c100000| Complete 
| 194|0x000000008c200000, 0x000000008c300000, 0x000000008c300000|100%| O|  |TAMS 0x000000008c300000, 0x000000008c200000| Untracked 
| 195|0x000000008c300000, 0x000000008c400000, 0x000000008c400000|100%|HS|  |TAMS 0x000000008c400000, 0x000000008c300000| Complete 
| 196|0x000000008c400000, 0x000000008c500000, 0x000000008c500000|100%|HC|  |TAMS 0x000000008c500000, 0x000000008c400000| Complete 
| 197|0x000000008c500000, 0x000000008c600000, 0x000000008c600000|100%| O|  |TAMS 0x000000008c500000, 0x000000008c500000| Untracked 
| 198|0x000000008c600000, 0x000000008c700000, 0x000000008c700000|100%| O|  |TAMS 0x000000008c700000, 0x000000008c600000| Untracked 
| 199|0x000000008c700000, 0x000000008c800000, 0x000000008c800000|100%| O|  |TAMS 0x000000008c800000, 0x000000008c700000| Untracked 
| 200|0x000000008c800000, 0x000000008c900000, 0x000000008c900000|100%| O|  |TAMS 0x000000008c900000, 0x000000008c800000| Untracked 
| 201|0x000000008c900000, 0x000000008ca00000, 0x000000008ca00000|100%| O|  |TAMS 0x000000008ca00000, 0x000000008c900000| Untracked 
| 202|0x000000008ca00000, 0x000000008cb00000, 0x000000008cb00000|100%| O|  |TAMS 0x000000008cb00000, 0x000000008ca00000| Untracked 
| 203|0x000000008cb00000, 0x000000008cc00000, 0x000000008cc00000|100%| O|  |TAMS 0x000000008cc00000, 0x000000008cb00000| Untracked 
| 204|0x000000008cc00000, 0x000000008cd00000, 0x000000008cd00000|100%| O|  |TAMS 0x000000008cd00000, 0x000000008cc00000| Untracked 
| 205|0x000000008cd00000, 0x000000008ce00000, 0x000000008ce00000|100%| O|  |TAMS 0x000000008ce00000, 0x000000008cd00000| Untracked 
| 206|0x000000008ce00000, 0x000000008cf00000, 0x000000008cf00000|100%| O|  |TAMS 0x000000008cf00000, 0x000000008ce00000| Untracked 
| 207|0x000000008cf00000, 0x000000008d000000, 0x000000008d000000|100%| O|  |TAMS 0x000000008d000000, 0x000000008cf00000| Untracked 
| 208|0x000000008d000000, 0x000000008d100000, 0x000000008d100000|100%| O|  |TAMS 0x000000008d100000, 0x000000008d000000| Untracked 
| 209|0x000000008d100000, 0x000000008d200000, 0x000000008d200000|100%| O|  |TAMS 0x000000008d200000, 0x000000008d100000| Untracked 
| 210|0x000000008d200000, 0x000000008d300000, 0x000000008d300000|100%| O|  |TAMS 0x000000008d300000, 0x000000008d200000| Untracked 
| 211|0x000000008d300000, 0x000000008d400000, 0x000000008d400000|100%| O|  |TAMS 0x000000008d400000, 0x000000008d300000| Untracked 
| 212|0x000000008d400000, 0x000000008d500000, 0x000000008d500000|100%| O|  |TAMS 0x000000008d500000, 0x000000008d400000| Untracked 
| 213|0x000000008d500000, 0x000000008d600000, 0x000000008d600000|100%| O|  |TAMS 0x000000008d600000, 0x000000008d500000| Untracked 
| 214|0x000000008d600000, 0x000000008d700000, 0x000000008d700000|100%|HS|  |TAMS 0x000000008d700000, 0x000000008d600000| Complete 
| 215|0x000000008d700000, 0x000000008d800000, 0x000000008d800000|100%|HS|  |TAMS 0x000000008d800000, 0x000000008d700000| Complete 
| 216|0x000000008d800000, 0x000000008d900000, 0x000000008d900000|100%|HS|  |TAMS 0x000000008d900000, 0x000000008d800000| Complete 
| 217|0x000000008d900000, 0x000000008da00000, 0x000000008da00000|100%| O|  |TAMS 0x000000008da00000, 0x000000008d900000| Untracked 
| 218|0x000000008da00000, 0x000000008db00000, 0x000000008db00000|100%| O|  |TAMS 0x000000008db00000, 0x000000008da00000| Untracked 
| 219|0x000000008db00000, 0x000000008dc00000, 0x000000008dc00000|100%| O|  |TAMS 0x000000008dc00000, 0x000000008db00000| Untracked 
| 220|0x000000008dc00000, 0x000000008dd00000, 0x000000008dd00000|100%| O|  |TAMS 0x000000008dd00000, 0x000000008dc00000| Untracked 
| 221|0x000000008dd00000, 0x000000008de00000, 0x000000008de00000|100%| O|  |TAMS 0x000000008dd00000, 0x000000008dd00000| Untracked 
| 222|0x000000008de00000, 0x000000008df00000, 0x000000008df00000|100%| O|  |TAMS 0x000000008de00000, 0x000000008de00000| Untracked 
| 223|0x000000008df00000, 0x000000008e000000, 0x000000008e000000|100%| O|  |TAMS 0x000000008e000000, 0x000000008df00000| Untracked 
| 224|0x000000008e000000, 0x000000008e100000, 0x000000008e100000|100%| O|  |TAMS 0x000000008e100000, 0x000000008e000000| Untracked 
| 225|0x000000008e100000, 0x000000008e200000, 0x000000008e200000|100%| O|  |TAMS 0x000000008e200000, 0x000000008e100000| Untracked 
| 226|0x000000008e200000, 0x000000008e300000, 0x000000008e300000|100%| O|  |TAMS 0x000000008e300000, 0x000000008e200000| Untracked 
| 227|0x000000008e300000, 0x000000008e400000, 0x000000008e400000|100%| O|  |TAMS 0x000000008e400000, 0x000000008e300000| Untracked 
| 228|0x000000008e400000, 0x000000008e500000, 0x000000008e500000|100%| O|  |TAMS 0x000000008e500000, 0x000000008e400000| Untracked 
| 229|0x000000008e500000, 0x000000008e600000, 0x000000008e600000|100%| O|  |TAMS 0x000000008e600000, 0x000000008e500000| Untracked 
| 230|0x000000008e600000, 0x000000008e700000, 0x000000008e700000|100%| O|  |TAMS 0x000000008e700000, 0x000000008e600000| Untracked 
| 231|0x000000008e700000, 0x000000008e800000, 0x000000008e800000|100%| O|  |TAMS 0x000000008e800000, 0x000000008e700000| Untracked 
| 232|0x000000008e800000, 0x000000008e900000, 0x000000008e900000|100%| O|  |TAMS 0x000000008e900000, 0x000000008e800000| Untracked 
| 233|0x000000008e900000, 0x000000008ea00000, 0x000000008ea00000|100%| O|  |TAMS 0x000000008ea00000, 0x000000008e900000| Untracked 
| 234|0x000000008ea00000, 0x000000008eb00000, 0x000000008eb00000|100%| O|  |TAMS 0x000000008ea00000, 0x000000008ea00000| Untracked 
| 235|0x000000008eb00000, 0x000000008ec00000, 0x000000008ec00000|100%| O|  |TAMS 0x000000008eb00000, 0x000000008eb00000| Untracked 
| 236|0x000000008ec00000, 0x000000008ed00000, 0x000000008ed00000|100%| O|  |TAMS 0x000000008ed00000, 0x000000008ec00000| Untracked 
| 237|0x000000008ed00000, 0x000000008ee00000, 0x000000008ee00000|100%| O|  |TAMS 0x000000008ee00000, 0x000000008ed00000| Untracked 
| 238|0x000000008ee00000, 0x000000008ef00000, 0x000000008ef00000|100%| O|  |TAMS 0x000000008ee00000, 0x000000008ee00000| Untracked 
| 239|0x000000008ef00000, 0x000000008f000000, 0x000000008f000000|100%| O|  |TAMS 0x000000008f000000, 0x000000008ef00000| Untracked 
| 240|0x000000008f000000, 0x000000008f100000, 0x000000008f100000|100%| O|  |TAMS 0x000000008f100000, 0x000000008f000000| Untracked 
| 241|0x000000008f100000, 0x000000008f200000, 0x000000008f200000|100%| O|  |TAMS 0x000000008f200000, 0x000000008f100000| Untracked 
| 242|0x000000008f200000, 0x000000008f300000, 0x000000008f300000|100%| O|  |TAMS 0x000000008f300000, 0x000000008f200000| Untracked 
| 243|0x000000008f300000, 0x000000008f400000, 0x000000008f400000|100%| O|  |TAMS 0x000000008f400000, 0x000000008f300000| Untracked 
| 244|0x000000008f400000, 0x000000008f500000, 0x000000008f500000|100%| O|  |TAMS 0x000000008f500000, 0x000000008f400000| Untracked 
| 245|0x000000008f500000, 0x000000008f600000, 0x000000008f600000|100%| O|  |TAMS 0x000000008f600000, 0x000000008f500000| Untracked 
| 246|0x000000008f600000, 0x000000008f700000, 0x000000008f700000|100%| O|  |TAMS 0x000000008f700000, 0x000000008f600000| Untracked 
| 247|0x000000008f700000, 0x000000008f800000, 0x000000008f800000|100%| O|  |TAMS 0x000000008f800000, 0x000000008f700000| Untracked 
| 248|0x000000008f800000, 0x000000008f900000, 0x000000008f900000|100%| O|  |TAMS 0x000000008f900000, 0x000000008f800000| Untracked 
| 249|0x000000008f900000, 0x000000008fa00000, 0x000000008fa00000|100%| O|  |TAMS 0x000000008fa00000, 0x000000008f900000| Untracked 
| 250|0x000000008fa00000, 0x000000008fb00000, 0x000000008fb00000|100%| O|  |TAMS 0x000000008fb00000, 0x000000008fa00000| Untracked 
| 251|0x000000008fb00000, 0x000000008fb00000, 0x000000008fc00000|  0%| F|  |TAMS 0x000000008fb00000, 0x000000008fb00000| Untracked 
| 252|0x000000008fc00000, 0x000000008fc00000, 0x000000008fd00000|  0%| F|  |TAMS 0x000000008fc00000, 0x000000008fc00000| Untracked 
| 253|0x000000008fd00000, 0x000000008fe00000, 0x000000008fe00000|100%| O|  |TAMS 0x000000008fe00000, 0x000000008fd00000| Untracked 
| 254|0x000000008fe00000, 0x000000008ff00000, 0x000000008ff00000|100%| O|  |TAMS 0x000000008ff00000, 0x000000008fe00000| Untracked 
| 255|0x000000008ff00000, 0x0000000090000000, 0x0000000090000000|100%| O|  |TAMS 0x000000008ff00000, 0x000000008ff00000| Untracked 
| 256|0x0000000090000000, 0x0000000090100000, 0x0000000090100000|100%| O|  |TAMS 0x0000000090100000, 0x0000000090000000| Untracked 
| 257|0x0000000090100000, 0x0000000090100000, 0x0000000090200000|  0%| F|  |TAMS 0x0000000090100000, 0x0000000090100000| Untracked 
| 258|0x0000000090200000, 0x0000000090300000, 0x0000000090300000|100%| O|  |TAMS 0x0000000090300000, 0x0000000090200000| Untracked 
| 259|0x0000000090300000, 0x0000000090400000, 0x0000000090400000|100%| O|  |TAMS 0x0000000090300000, 0x0000000090300000| Untracked 
| 260|0x0000000090400000, 0x0000000090400000, 0x0000000090500000|  0%| F|  |TAMS 0x0000000090400000, 0x0000000090400000| Untracked 
| 261|0x0000000090500000, 0x0000000090600000, 0x0000000090600000|100%| O|  |TAMS 0x0000000090500000, 0x0000000090500000| Untracked 
| 262|0x0000000090600000, 0x0000000090700000, 0x0000000090700000|100%| O|  |TAMS 0x0000000090700000, 0x0000000090600000| Untracked 
| 263|0x0000000090700000, 0x0000000090800000, 0x0000000090800000|100%| O|  |TAMS 0x0000000090800000, 0x0000000090700000| Untracked 
| 264|0x0000000090800000, 0x0000000090900000, 0x0000000090900000|100%| O|  |TAMS 0x0000000090900000, 0x0000000090800000| Untracked 
| 265|0x0000000090900000, 0x0000000090a00000, 0x0000000090a00000|100%| O|  |TAMS 0x0000000090a00000, 0x0000000090900000| Untracked 
| 266|0x0000000090a00000, 0x0000000090b00000, 0x0000000090b00000|100%| O|  |TAMS 0x0000000090b00000, 0x0000000090a00000| Untracked 
| 267|0x0000000090b00000, 0x0000000090c00000, 0x0000000090c00000|100%| O|  |TAMS 0x0000000090c00000, 0x0000000090b00000| Untracked 
| 268|0x0000000090c00000, 0x0000000090d00000, 0x0000000090d00000|100%| O|  |TAMS 0x0000000090d00000, 0x0000000090c00000| Untracked 
| 269|0x0000000090d00000, 0x0000000090e00000, 0x0000000090e00000|100%| O|  |TAMS 0x0000000090e00000, 0x0000000090d00000| Untracked 
| 270|0x0000000090e00000, 0x0000000090f00000, 0x0000000090f00000|100%| O|  |TAMS 0x0000000090e00000, 0x0000000090e00000| Untracked 
| 271|0x0000000090f00000, 0x0000000091000000, 0x0000000091000000|100%| O|  |TAMS 0x0000000091000000, 0x0000000090f00000| Untracked 
| 272|0x0000000091000000, 0x0000000091100000, 0x0000000091100000|100%| O|  |TAMS 0x0000000091100000, 0x0000000091000000| Untracked 
| 273|0x0000000091100000, 0x0000000091200000, 0x0000000091200000|100%| O|  |TAMS 0x0000000091200000, 0x0000000091100000| Untracked 
| 274|0x0000000091200000, 0x0000000091300000, 0x0000000091300000|100%| O|  |TAMS 0x0000000091300000, 0x0000000091200000| Untracked 
| 275|0x0000000091300000, 0x0000000091300000, 0x0000000091400000|  0%| F|  |TAMS 0x0000000091300000, 0x0000000091300000| Untracked 
| 276|0x0000000091400000, 0x0000000091500000, 0x0000000091500000|100%| O|  |TAMS 0x0000000091500000, 0x0000000091400000| Untracked 
| 277|0x0000000091500000, 0x0000000091600000, 0x0000000091600000|100%| O|  |TAMS 0x0000000091500000, 0x0000000091500000| Untracked 
| 278|0x0000000091600000, 0x0000000091700000, 0x0000000091700000|100%| O|  |TAMS 0x0000000091700000, 0x0000000091600000| Untracked 
| 279|0x0000000091700000, 0x0000000091800000, 0x0000000091800000|100%| O|  |TAMS 0x0000000091800000, 0x0000000091700000| Untracked 
| 280|0x0000000091800000, 0x0000000091900000, 0x0000000091900000|100%| O|  |TAMS 0x0000000091900000, 0x0000000091800000| Untracked 
| 281|0x0000000091900000, 0x0000000091a00000, 0x0000000091a00000|100%| O|  |TAMS 0x0000000091a00000, 0x0000000091900000| Untracked 
| 282|0x0000000091a00000, 0x0000000091b00000, 0x0000000091b00000|100%| O|  |TAMS 0x0000000091b00000, 0x0000000091a00000| Untracked 
| 283|0x0000000091b00000, 0x0000000091c00000, 0x0000000091c00000|100%| O|  |TAMS 0x0000000091b00000, 0x0000000091b00000| Untracked 
| 284|0x0000000091c00000, 0x0000000091c00000, 0x0000000091d00000|  0%| F|  |TAMS 0x0000000091c00000, 0x0000000091c00000| Untracked 
| 285|0x0000000091d00000, 0x0000000091e00000, 0x0000000091e00000|100%| O|  |TAMS 0x0000000091e00000, 0x0000000091d00000| Untracked 
| 286|0x0000000091e00000, 0x0000000091f00000, 0x0000000091f00000|100%| O|  |TAMS 0x0000000091f00000, 0x0000000091e00000| Untracked 
| 287|0x0000000091f00000, 0x0000000091f00000, 0x0000000092000000|  0%| F|  |TAMS 0x0000000091f00000, 0x0000000091f00000| Untracked 
| 288|0x0000000092000000, 0x0000000092100000, 0x0000000092100000|100%| O|  |TAMS 0x0000000092000000, 0x0000000092000000| Untracked 
| 289|0x0000000092100000, 0x0000000092200000, 0x0000000092200000|100%| O|  |TAMS 0x0000000092100000, 0x0000000092100000| Untracked 
| 290|0x0000000092200000, 0x0000000092300000, 0x0000000092300000|100%| O|  |TAMS 0x0000000092300000, 0x0000000092200000| Untracked 
| 291|0x0000000092300000, 0x0000000092400000, 0x0000000092400000|100%| O|  |TAMS 0x0000000092400000, 0x0000000092300000| Untracked 
| 292|0x0000000092400000, 0x0000000092500000, 0x0000000092500000|100%| O|  |TAMS 0x0000000092500000, 0x0000000092400000| Untracked 
| 293|0x0000000092500000, 0x0000000092600000, 0x0000000092600000|100%| O|  |TAMS 0x0000000092600000, 0x0000000092500000| Untracked 
| 294|0x0000000092600000, 0x0000000092700000, 0x0000000092700000|100%| O|  |TAMS 0x0000000092700000, 0x0000000092600000| Untracked 
| 295|0x0000000092700000, 0x0000000092800000, 0x0000000092800000|100%| O|  |TAMS 0x0000000092800000, 0x0000000092700000| Untracked 
| 296|0x0000000092800000, 0x0000000092900000, 0x0000000092900000|100%| O|  |TAMS 0x0000000092829400, 0x0000000092800000| Untracked 
| 297|0x0000000092900000, 0x0000000092a00000, 0x0000000092a00000|100%| O|  |TAMS 0x0000000092900000, 0x0000000092900000| Untracked 
| 298|0x0000000092a00000, 0x0000000092b00000, 0x0000000092b00000|100%| O|  |TAMS 0x0000000092a00000, 0x0000000092a00000| Untracked 
| 299|0x0000000092b00000, 0x0000000092c00000, 0x0000000092c00000|100%| O|  |TAMS 0x0000000092b00000, 0x0000000092b00000| Untracked 
| 300|0x0000000092c00000, 0x0000000092d00000, 0x0000000092d00000|100%| O|  |TAMS 0x0000000092c00000, 0x0000000092c00000| Untracked 
| 301|0x0000000092d00000, 0x0000000092e00000, 0x0000000092e00000|100%| O|  |TAMS 0x0000000092d00000, 0x0000000092d00000| Untracked 
| 302|0x0000000092e00000, 0x0000000092f00000, 0x0000000092f00000|100%| O|  |TAMS 0x0000000092e00000, 0x0000000092e00000| Untracked 
| 303|0x0000000092f00000, 0x0000000093000000, 0x0000000093000000|100%| O|  |TAMS 0x0000000092f00000, 0x0000000092f00000| Untracked 
| 304|0x0000000093000000, 0x0000000093100000, 0x0000000093100000|100%| O|  |TAMS 0x0000000093000000, 0x0000000093000000| Untracked 
| 305|0x0000000093100000, 0x0000000093200000, 0x0000000093200000|100%| O|  |TAMS 0x0000000093100000, 0x0000000093100000| Untracked 
| 306|0x0000000093200000, 0x0000000093300000, 0x0000000093300000|100%| O|  |TAMS 0x0000000093200000, 0x0000000093200000| Untracked 
| 307|0x0000000093300000, 0x0000000093400000, 0x0000000093400000|100%| O|  |TAMS 0x0000000093300000, 0x0000000093300000| Untracked 
| 308|0x0000000093400000, 0x0000000093500000, 0x0000000093500000|100%| O|  |TAMS 0x0000000093400000, 0x0000000093400000| Untracked 
| 309|0x0000000093500000, 0x0000000093600000, 0x0000000093600000|100%| O|  |TAMS 0x0000000093500000, 0x0000000093500000| Untracked 
| 310|0x0000000093600000, 0x0000000093700000, 0x0000000093700000|100%| O|  |TAMS 0x0000000093600000, 0x0000000093600000| Untracked 
| 311|0x0000000093700000, 0x0000000093800000, 0x0000000093800000|100%| O|  |TAMS 0x0000000093700000, 0x0000000093700000| Untracked 
| 312|0x0000000093800000, 0x0000000093900000, 0x0000000093900000|100%| O|  |TAMS 0x0000000093800000, 0x0000000093800000| Untracked 
| 313|0x0000000093900000, 0x0000000093a00000, 0x0000000093a00000|100%| O|  |TAMS 0x0000000093900000, 0x0000000093900000| Untracked 
| 314|0x0000000093a00000, 0x0000000093b00000, 0x0000000093b00000|100%| O|  |TAMS 0x0000000093a00000, 0x0000000093a00000| Untracked 
| 315|0x0000000093b00000, 0x0000000093c00000, 0x0000000093c00000|100%| O|  |TAMS 0x0000000093b00000, 0x0000000093b00000| Untracked 
| 316|0x0000000093c00000, 0x0000000093d00000, 0x0000000093d00000|100%| O|  |TAMS 0x0000000093c00000, 0x0000000093c00000| Untracked 
| 317|0x0000000093d00000, 0x0000000093e00000, 0x0000000093e00000|100%| O|  |TAMS 0x0000000093d00000, 0x0000000093d00000| Untracked 
| 318|0x0000000093e00000, 0x0000000093f00000, 0x0000000093f00000|100%| O|  |TAMS 0x0000000093e00000, 0x0000000093e00000| Untracked 
| 319|0x0000000093f00000, 0x0000000094000000, 0x0000000094000000|100%| O|  |TAMS 0x0000000094000000, 0x0000000093f00000| Untracked 
| 320|0x0000000094000000, 0x0000000094100000, 0x0000000094100000|100%| O|  |TAMS 0x0000000094100000, 0x0000000094000000| Untracked 
| 321|0x0000000094100000, 0x0000000094100000, 0x0000000094200000|  0%| F|  |TAMS 0x0000000094100000, 0x0000000094100000| Untracked 
| 322|0x0000000094200000, 0x0000000094300000, 0x0000000094300000|100%| O|  |TAMS 0x0000000094300000, 0x0000000094200000| Untracked 
| 323|0x0000000094300000, 0x0000000094400000, 0x0000000094400000|100%| O|  |TAMS 0x0000000094400000, 0x0000000094300000| Untracked 
| 324|0x0000000094400000, 0x0000000094500000, 0x0000000094500000|100%| O|  |TAMS 0x0000000094400000, 0x0000000094400000| Untracked 
| 325|0x0000000094500000, 0x0000000094600000, 0x0000000094600000|100%| O|  |TAMS 0x0000000094500000, 0x0000000094500000| Untracked 
| 326|0x0000000094600000, 0x0000000094700000, 0x0000000094700000|100%| O|  |TAMS 0x0000000094600000, 0x0000000094600000| Untracked 
| 327|0x0000000094700000, 0x0000000094800000, 0x0000000094800000|100%| O|  |TAMS 0x0000000094700000, 0x0000000094700000| Untracked 
| 328|0x0000000094800000, 0x0000000094900000, 0x0000000094900000|100%| O|  |TAMS 0x0000000094900000, 0x0000000094800000| Untracked 
| 329|0x0000000094900000, 0x0000000094a00000, 0x0000000094a00000|100%| O|  |TAMS 0x0000000094a00000, 0x0000000094900000| Untracked 
| 330|0x0000000094a00000, 0x0000000094b00000, 0x0000000094b00000|100%| O|  |TAMS 0x0000000094b00000, 0x0000000094a00000| Untracked 
| 331|0x0000000094b00000, 0x0000000094c00000, 0x0000000094c00000|100%| O|  |TAMS 0x0000000094c00000, 0x0000000094b00000| Untracked 
| 332|0x0000000094c00000, 0x0000000094d00000, 0x0000000094d00000|100%| O|  |TAMS 0x0000000094d00000, 0x0000000094c00000| Untracked 
| 333|0x0000000094d00000, 0x0000000094d00000, 0x0000000094e00000|  0%| F|  |TAMS 0x0000000094d00000, 0x0000000094d00000| Untracked 
| 334|0x0000000094e00000, 0x0000000094f00000, 0x0000000094f00000|100%| O|  |TAMS 0x0000000094e00000, 0x0000000094e00000| Untracked 
| 335|0x0000000094f00000, 0x0000000095000000, 0x0000000095000000|100%| O|  |TAMS 0x0000000094f00000, 0x0000000094f00000| Untracked 
| 336|0x0000000095000000, 0x0000000095100000, 0x0000000095100000|100%| O|  |TAMS 0x0000000095000000, 0x0000000095000000| Untracked 
| 337|0x0000000095100000, 0x0000000095200000, 0x0000000095200000|100%| O|  |TAMS 0x0000000095100000, 0x0000000095100000| Untracked 
| 338|0x0000000095200000, 0x0000000095300000, 0x0000000095300000|100%| O|  |TAMS 0x0000000095200000, 0x0000000095200000| Untracked 
| 339|0x0000000095300000, 0x0000000095400000, 0x0000000095400000|100%| O|  |TAMS 0x0000000095300000, 0x0000000095300000| Untracked 
| 340|0x0000000095400000, 0x0000000095500000, 0x0000000095500000|100%| O|  |TAMS 0x0000000095400000, 0x0000000095400000| Untracked 
| 341|0x0000000095500000, 0x0000000095600000, 0x0000000095600000|100%| O|  |TAMS 0x0000000095500000, 0x0000000095500000| Untracked 
| 342|0x0000000095600000, 0x0000000095700000, 0x0000000095700000|100%| O|  |TAMS 0x0000000095600000, 0x0000000095600000| Untracked 
| 343|0x0000000095700000, 0x0000000095800000, 0x0000000095800000|100%| O|  |TAMS 0x0000000095700000, 0x0000000095700000| Untracked 
| 344|0x0000000095800000, 0x0000000095900000, 0x0000000095900000|100%| O|  |TAMS 0x0000000095800000, 0x0000000095800000| Untracked 
| 345|0x0000000095900000, 0x0000000095a00000, 0x0000000095a00000|100%| O|  |TAMS 0x0000000095900000, 0x0000000095900000| Untracked 
| 346|0x0000000095a00000, 0x0000000095b00000, 0x0000000095b00000|100%| O|  |TAMS 0x0000000095a00000, 0x0000000095a00000| Untracked 
| 347|0x0000000095b00000, 0x0000000095c00000, 0x0000000095c00000|100%| O|  |TAMS 0x0000000095b00000, 0x0000000095b00000| Untracked 
| 348|0x0000000095c00000, 0x0000000095d00000, 0x0000000095d00000|100%| O|  |TAMS 0x0000000095c00000, 0x0000000095c00000| Untracked 
| 349|0x0000000095d00000, 0x0000000095e00000, 0x0000000095e00000|100%| O|  |TAMS 0x0000000095d00000, 0x0000000095d00000| Untracked 
| 350|0x0000000095e00000, 0x0000000095f00000, 0x0000000095f00000|100%| O|  |TAMS 0x0000000095e00000, 0x0000000095e00000| Untracked 
| 351|0x0000000095f00000, 0x0000000096000000, 0x0000000096000000|100%| O|  |TAMS 0x0000000095f00000, 0x0000000095f00000| Untracked 
| 352|0x0000000096000000, 0x0000000096100000, 0x0000000096100000|100%| O|  |TAMS 0x0000000096000000, 0x0000000096000000| Untracked 
| 353|0x0000000096100000, 0x0000000096200000, 0x0000000096200000|100%| O|  |TAMS 0x0000000096100000, 0x0000000096100000| Untracked 
| 354|0x0000000096200000, 0x0000000096300000, 0x0000000096300000|100%| O|  |TAMS 0x0000000096200000, 0x0000000096200000| Untracked 
| 355|0x0000000096300000, 0x0000000096400000, 0x0000000096400000|100%| O|  |TAMS 0x0000000096300000, 0x0000000096300000| Untracked 
| 356|0x0000000096400000, 0x0000000096500000, 0x0000000096500000|100%| O|  |TAMS 0x0000000096400000, 0x0000000096400000| Untracked 
| 357|0x0000000096500000, 0x0000000096600000, 0x0000000096600000|100%| O|  |TAMS 0x0000000096500000, 0x0000000096500000| Untracked 
| 358|0x0000000096600000, 0x0000000096700000, 0x0000000096700000|100%| O|  |TAMS 0x0000000096600000, 0x0000000096600000| Untracked 
| 359|0x0000000096700000, 0x0000000096800000, 0x0000000096800000|100%| O|  |TAMS 0x0000000096700000, 0x0000000096700000| Untracked 
| 360|0x0000000096800000, 0x0000000096900000, 0x0000000096900000|100%| O|  |TAMS 0x0000000096800000, 0x0000000096800000| Untracked 
| 361|0x0000000096900000, 0x0000000096a00000, 0x0000000096a00000|100%| O|  |TAMS 0x0000000096900000, 0x0000000096900000| Untracked 
| 362|0x0000000096a00000, 0x0000000096b00000, 0x0000000096b00000|100%| O|  |TAMS 0x0000000096a00000, 0x0000000096a00000| Untracked 
| 363|0x0000000096b00000, 0x0000000096c00000, 0x0000000096c00000|100%| O|  |TAMS 0x0000000096b00000, 0x0000000096b00000| Untracked 
| 364|0x0000000096c00000, 0x0000000096c80000, 0x0000000096d00000| 50%| O|  |TAMS 0x0000000096c00000, 0x0000000096c00000| Untracked 
| 365|0x0000000096d00000, 0x0000000096d00000, 0x0000000096e00000|  0%| F|  |TAMS 0x0000000096d00000, 0x0000000096d00000| Untracked 
| 366|0x0000000096e00000, 0x0000000096e00000, 0x0000000096f00000|  0%| F|  |TAMS 0x0000000096e00000, 0x0000000096e00000| Untracked 
| 367|0x0000000096f00000, 0x0000000096f00000, 0x0000000097000000|  0%| F|  |TAMS 0x0000000096f00000, 0x0000000096f00000| Untracked 
| 368|0x0000000097000000, 0x0000000097000000, 0x0000000097100000|  0%| F|  |TAMS 0x0000000097000000, 0x0000000097000000| Untracked 
| 369|0x0000000097100000, 0x0000000097100000, 0x0000000097200000|  0%| F|  |TAMS 0x0000000097100000, 0x0000000097100000| Untracked 
| 370|0x0000000097200000, 0x0000000097200000, 0x0000000097300000|  0%| F|  |TAMS 0x0000000097200000, 0x0000000097200000| Untracked 
| 371|0x0000000097300000, 0x0000000097300000, 0x0000000097400000|  0%| F|  |TAMS 0x0000000097300000, 0x0000000097300000| Untracked 
| 372|0x0000000097400000, 0x0000000097400000, 0x0000000097500000|  0%| F|  |TAMS 0x0000000097400000, 0x0000000097400000| Untracked 
| 373|0x0000000097500000, 0x0000000097500000, 0x0000000097600000|  0%| F|  |TAMS 0x0000000097500000, 0x0000000097500000| Untracked 
| 374|0x0000000097600000, 0x0000000097600000, 0x0000000097700000|  0%| F|  |TAMS 0x0000000097600000, 0x0000000097600000| Untracked 
| 375|0x0000000097700000, 0x0000000097700000, 0x0000000097800000|  0%| F|  |TAMS 0x0000000097700000, 0x0000000097700000| Untracked 
| 376|0x0000000097800000, 0x0000000097800000, 0x0000000097900000|  0%| F|  |TAMS 0x0000000097800000, 0x0000000097800000| Untracked 
| 377|0x0000000097900000, 0x0000000097900000, 0x0000000097a00000|  0%| F|  |TAMS 0x0000000097900000, 0x0000000097900000| Untracked 
| 378|0x0000000097a00000, 0x0000000097a00000, 0x0000000097b00000|  0%| F|  |TAMS 0x0000000097a00000, 0x0000000097a00000| Untracked 
| 379|0x0000000097b00000, 0x0000000097b00000, 0x0000000097c00000|  0%| F|  |TAMS 0x0000000097b00000, 0x0000000097b00000| Untracked 
| 380|0x0000000097c00000, 0x0000000097c00000, 0x0000000097d00000|  0%| F|  |TAMS 0x0000000097c00000, 0x0000000097c00000| Untracked 
| 381|0x0000000097d00000, 0x0000000097d00000, 0x0000000097e00000|  0%| F|  |TAMS 0x0000000097d00000, 0x0000000097d00000| Untracked 
| 382|0x0000000097e00000, 0x0000000097e00000, 0x0000000097f00000|  0%| F|  |TAMS 0x0000000097e00000, 0x0000000097e00000| Untracked 
| 383|0x0000000097f00000, 0x0000000097f00000, 0x0000000098000000|  0%| F|  |TAMS 0x0000000097f00000, 0x0000000097f00000| Untracked 
| 384|0x0000000098000000, 0x0000000098000000, 0x0000000098100000|  0%| F|  |TAMS 0x0000000098000000, 0x0000000098000000| Untracked 
| 385|0x0000000098100000, 0x0000000098100000, 0x0000000098200000|  0%| F|  |TAMS 0x0000000098100000, 0x0000000098100000| Untracked 
| 386|0x0000000098200000, 0x0000000098200000, 0x0000000098300000|  0%| F|  |TAMS 0x0000000098200000, 0x0000000098200000| Untracked 
| 387|0x0000000098300000, 0x0000000098300000, 0x0000000098400000|  0%| F|  |TAMS 0x0000000098300000, 0x0000000098300000| Untracked 
| 388|0x0000000098400000, 0x0000000098400000, 0x0000000098500000|  0%| F|  |TAMS 0x0000000098400000, 0x0000000098400000| Untracked 
| 389|0x0000000098500000, 0x0000000098500000, 0x0000000098600000|  0%| F|  |TAMS 0x0000000098500000, 0x0000000098500000| Untracked 
| 390|0x0000000098600000, 0x0000000098600000, 0x0000000098700000|  0%| F|  |TAMS 0x0000000098600000, 0x0000000098600000| Untracked 
| 391|0x0000000098700000, 0x0000000098700000, 0x0000000098800000|  0%| F|  |TAMS 0x0000000098700000, 0x0000000098700000| Untracked 
| 392|0x0000000098800000, 0x0000000098800000, 0x0000000098900000|  0%| F|  |TAMS 0x0000000098800000, 0x0000000098800000| Untracked 
| 393|0x0000000098900000, 0x0000000098900000, 0x0000000098a00000|  0%| F|  |TAMS 0x0000000098900000, 0x0000000098900000| Untracked 
| 394|0x0000000098a00000, 0x0000000098a00000, 0x0000000098b00000|  0%| F|  |TAMS 0x0000000098a00000, 0x0000000098a00000| Untracked 
| 395|0x0000000098b00000, 0x0000000098b00000, 0x0000000098c00000|  0%| F|  |TAMS 0x0000000098b00000, 0x0000000098b00000| Untracked 
| 396|0x0000000098c00000, 0x0000000098c00000, 0x0000000098d00000|  0%| F|  |TAMS 0x0000000098c00000, 0x0000000098c00000| Untracked 
| 397|0x0000000098d00000, 0x0000000098d00000, 0x0000000098e00000|  0%| F|  |TAMS 0x0000000098d00000, 0x0000000098d00000| Untracked 
| 398|0x0000000098e00000, 0x0000000098e00000, 0x0000000098f00000|  0%| F|  |TAMS 0x0000000098e00000, 0x0000000098e00000| Untracked 
| 399|0x0000000098f00000, 0x0000000098f00000, 0x0000000099000000|  0%| F|  |TAMS 0x0000000098f00000, 0x0000000098f00000| Untracked 
| 400|0x0000000099000000, 0x0000000099000000, 0x0000000099100000|  0%| F|  |TAMS 0x0000000099000000, 0x0000000099000000| Untracked 
| 401|0x0000000099100000, 0x0000000099100000, 0x0000000099200000|  0%| F|  |TAMS 0x0000000099100000, 0x0000000099100000| Untracked 
| 402|0x0000000099200000, 0x0000000099200000, 0x0000000099300000|  0%| F|  |TAMS 0x0000000099200000, 0x0000000099200000| Untracked 
| 403|0x0000000099300000, 0x0000000099300000, 0x0000000099400000|  0%| F|  |TAMS 0x0000000099300000, 0x0000000099300000| Untracked 
| 404|0x0000000099400000, 0x0000000099400000, 0x0000000099500000|  0%| F|  |TAMS 0x0000000099400000, 0x0000000099400000| Untracked 
| 405|0x0000000099500000, 0x0000000099500000, 0x0000000099600000|  0%| F|  |TAMS 0x0000000099500000, 0x0000000099500000| Untracked 
| 406|0x0000000099600000, 0x0000000099600000, 0x0000000099700000|  0%| F|  |TAMS 0x0000000099600000, 0x0000000099600000| Untracked 
| 407|0x0000000099700000, 0x0000000099700000, 0x0000000099800000|  0%| F|  |TAMS 0x0000000099700000, 0x0000000099700000| Untracked 
| 408|0x0000000099800000, 0x0000000099800000, 0x0000000099900000|  0%| F|  |TAMS 0x0000000099800000, 0x0000000099800000| Untracked 
| 409|0x0000000099900000, 0x0000000099900000, 0x0000000099a00000|  0%| F|  |TAMS 0x0000000099900000, 0x0000000099900000| Untracked 
| 410|0x0000000099a00000, 0x0000000099a00000, 0x0000000099b00000|  0%| F|  |TAMS 0x0000000099a00000, 0x0000000099a00000| Untracked 
| 411|0x0000000099b00000, 0x0000000099b00000, 0x0000000099c00000|  0%| F|  |TAMS 0x0000000099b00000, 0x0000000099b00000| Untracked 
| 412|0x0000000099c00000, 0x0000000099c00000, 0x0000000099d00000|  0%| F|  |TAMS 0x0000000099c00000, 0x0000000099c00000| Untracked 
| 413|0x0000000099d00000, 0x0000000099d00000, 0x0000000099e00000|  0%| F|  |TAMS 0x0000000099d00000, 0x0000000099d00000| Untracked 
| 414|0x0000000099e00000, 0x0000000099e00000, 0x0000000099f00000|  0%| F|  |TAMS 0x0000000099e00000, 0x0000000099e00000| Untracked 
| 415|0x0000000099f00000, 0x0000000099f00000, 0x000000009a000000|  0%| F|  |TAMS 0x0000000099f00000, 0x0000000099f00000| Untracked 
| 416|0x000000009a000000, 0x000000009a000000, 0x000000009a100000|  0%| F|  |TAMS 0x000000009a000000, 0x000000009a000000| Untracked 
| 417|0x000000009a100000, 0x000000009a100000, 0x000000009a200000|  0%| F|  |TAMS 0x000000009a100000, 0x000000009a100000| Untracked 
| 418|0x000000009a200000, 0x000000009a200000, 0x000000009a300000|  0%| F|  |TAMS 0x000000009a200000, 0x000000009a200000| Untracked 
| 419|0x000000009a300000, 0x000000009a300000, 0x000000009a400000|  0%| F|  |TAMS 0x000000009a300000, 0x000000009a300000| Untracked 
| 420|0x000000009a400000, 0x000000009a400000, 0x000000009a500000|  0%| F|  |TAMS 0x000000009a400000, 0x000000009a400000| Untracked 
| 421|0x000000009a500000, 0x000000009a500000, 0x000000009a600000|  0%| F|  |TAMS 0x000000009a500000, 0x000000009a500000| Untracked 
| 422|0x000000009a600000, 0x000000009a600000, 0x000000009a700000|  0%| F|  |TAMS 0x000000009a600000, 0x000000009a600000| Untracked 
| 423|0x000000009a700000, 0x000000009a700000, 0x000000009a800000|  0%| F|  |TAMS 0x000000009a700000, 0x000000009a700000| Untracked 
| 424|0x000000009a800000, 0x000000009a800000, 0x000000009a900000|  0%| F|  |TAMS 0x000000009a800000, 0x000000009a800000| Untracked 
| 425|0x000000009a900000, 0x000000009a900000, 0x000000009aa00000|  0%| F|  |TAMS 0x000000009a900000, 0x000000009a900000| Untracked 
| 426|0x000000009aa00000, 0x000000009aa00000, 0x000000009ab00000|  0%| F|  |TAMS 0x000000009aa00000, 0x000000009aa00000| Untracked 
| 427|0x000000009ab00000, 0x000000009ab00000, 0x000000009ac00000|  0%| F|  |TAMS 0x000000009ab00000, 0x000000009ab00000| Untracked 
| 428|0x000000009ac00000, 0x000000009ac00000, 0x000000009ad00000|  0%| F|  |TAMS 0x000000009ac00000, 0x000000009ac00000| Untracked 
| 429|0x000000009ad00000, 0x000000009ad00000, 0x000000009ae00000|  0%| F|  |TAMS 0x000000009ad00000, 0x000000009ad00000| Untracked 
| 430|0x000000009ae00000, 0x000000009ae00000, 0x000000009af00000|  0%| F|  |TAMS 0x000000009ae00000, 0x000000009ae00000| Untracked 
| 431|0x000000009af00000, 0x000000009af00000, 0x000000009b000000|  0%| F|  |TAMS 0x000000009af00000, 0x000000009af00000| Untracked 
| 432|0x000000009b000000, 0x000000009b000000, 0x000000009b100000|  0%| F|  |TAMS 0x000000009b000000, 0x000000009b000000| Untracked 
| 433|0x000000009b100000, 0x000000009b100000, 0x000000009b200000|  0%| F|  |TAMS 0x000000009b100000, 0x000000009b100000| Untracked 
| 434|0x000000009b200000, 0x000000009b200000, 0x000000009b300000|  0%| F|  |TAMS 0x000000009b200000, 0x000000009b200000| Untracked 
| 435|0x000000009b300000, 0x000000009b300000, 0x000000009b400000|  0%| F|  |TAMS 0x000000009b300000, 0x000000009b300000| Untracked 
| 436|0x000000009b400000, 0x000000009b400000, 0x000000009b500000|  0%| F|  |TAMS 0x000000009b400000, 0x000000009b400000| Untracked 
| 437|0x000000009b500000, 0x000000009b500000, 0x000000009b600000|  0%| F|  |TAMS 0x000000009b500000, 0x000000009b500000| Untracked 
| 438|0x000000009b600000, 0x000000009b600000, 0x000000009b700000|  0%| F|  |TAMS 0x000000009b600000, 0x000000009b600000| Untracked 
| 439|0x000000009b700000, 0x000000009b700000, 0x000000009b800000|  0%| F|  |TAMS 0x000000009b700000, 0x000000009b700000| Untracked 
| 440|0x000000009b800000, 0x000000009b800000, 0x000000009b900000|  0%| F|  |TAMS 0x000000009b800000, 0x000000009b800000| Untracked 
| 441|0x000000009b900000, 0x000000009b900000, 0x000000009ba00000|  0%| F|  |TAMS 0x000000009b900000, 0x000000009b900000| Untracked 
| 442|0x000000009ba00000, 0x000000009ba00000, 0x000000009bb00000|  0%| F|  |TAMS 0x000000009ba00000, 0x000000009ba00000| Untracked 
| 443|0x000000009bb00000, 0x000000009bb00000, 0x000000009bc00000|  0%| F|  |TAMS 0x000000009bb00000, 0x000000009bb00000| Untracked 
| 444|0x000000009bc00000, 0x000000009bc00000, 0x000000009bd00000|  0%| F|  |TAMS 0x000000009bc00000, 0x000000009bc00000| Untracked 
| 445|0x000000009bd00000, 0x000000009bd00000, 0x000000009be00000|  0%| F|  |TAMS 0x000000009bd00000, 0x000000009bd00000| Untracked 
| 446|0x000000009be00000, 0x000000009be00000, 0x000000009bf00000|  0%| F|  |TAMS 0x000000009be00000, 0x000000009be00000| Untracked 
| 447|0x000000009bf00000, 0x000000009bf00000, 0x000000009c000000|  0%| F|  |TAMS 0x000000009bf00000, 0x000000009bf00000| Untracked 
| 448|0x000000009c000000, 0x000000009c000000, 0x000000009c100000|  0%| F|  |TAMS 0x000000009c000000, 0x000000009c000000| Untracked 
| 449|0x000000009c100000, 0x000000009c100000, 0x000000009c200000|  0%| F|  |TAMS 0x000000009c100000, 0x000000009c100000| Untracked 
| 450|0x000000009c200000, 0x000000009c200000, 0x000000009c300000|  0%| F|  |TAMS 0x000000009c200000, 0x000000009c200000| Untracked 
| 451|0x000000009c300000, 0x000000009c300000, 0x000000009c400000|  0%| F|  |TAMS 0x000000009c300000, 0x000000009c300000| Untracked 
| 452|0x000000009c400000, 0x000000009c400000, 0x000000009c500000|  0%| F|  |TAMS 0x000000009c400000, 0x000000009c400000| Untracked 
| 453|0x000000009c500000, 0x000000009c500000, 0x000000009c600000|  0%| F|  |TAMS 0x000000009c500000, 0x000000009c500000| Untracked 
| 454|0x000000009c600000, 0x000000009c600000, 0x000000009c700000|  0%| F|  |TAMS 0x000000009c600000, 0x000000009c600000| Untracked 
| 455|0x000000009c700000, 0x000000009c700000, 0x000000009c800000|  0%| F|  |TAMS 0x000000009c700000, 0x000000009c700000| Untracked 
| 456|0x000000009c800000, 0x000000009c800000, 0x000000009c900000|  0%| F|  |TAMS 0x000000009c800000, 0x000000009c800000| Untracked 
| 457|0x000000009c900000, 0x000000009c900000, 0x000000009ca00000|  0%| F|  |TAMS 0x000000009c900000, 0x000000009c900000| Untracked 
| 458|0x000000009ca00000, 0x000000009ca00000, 0x000000009cb00000|  0%| F|  |TAMS 0x000000009ca00000, 0x000000009ca00000| Untracked 
| 459|0x000000009cb00000, 0x000000009cb00000, 0x000000009cc00000|  0%| F|  |TAMS 0x000000009cb00000, 0x000000009cb00000| Untracked 
| 460|0x000000009cc00000, 0x000000009cc00000, 0x000000009cd00000|  0%| F|  |TAMS 0x000000009cc00000, 0x000000009cc00000| Untracked 
| 461|0x000000009cd00000, 0x000000009cd00000, 0x000000009ce00000|  0%| F|  |TAMS 0x000000009cd00000, 0x000000009cd00000| Untracked 
| 462|0x000000009ce00000, 0x000000009ce00000, 0x000000009cf00000|  0%| F|  |TAMS 0x000000009ce00000, 0x000000009ce00000| Untracked 
| 463|0x000000009cf00000, 0x000000009cf00000, 0x000000009d000000|  0%| F|  |TAMS 0x000000009cf00000, 0x000000009cf00000| Untracked 
| 464|0x000000009d000000, 0x000000009d000000, 0x000000009d100000|  0%| F|  |TAMS 0x000000009d000000, 0x000000009d000000| Untracked 
| 465|0x000000009d100000, 0x000000009d100000, 0x000000009d200000|  0%| F|  |TAMS 0x000000009d100000, 0x000000009d100000| Untracked 
| 466|0x000000009d200000, 0x000000009d200000, 0x000000009d300000|  0%| F|  |TAMS 0x000000009d200000, 0x000000009d200000| Untracked 
| 467|0x000000009d300000, 0x000000009d300000, 0x000000009d400000|  0%| F|  |TAMS 0x000000009d300000, 0x000000009d300000| Untracked 
| 468|0x000000009d400000, 0x000000009d400000, 0x000000009d500000|  0%| F|  |TAMS 0x000000009d400000, 0x000000009d400000| Untracked 
| 469|0x000000009d500000, 0x000000009d500000, 0x000000009d600000|  0%| F|  |TAMS 0x000000009d500000, 0x000000009d500000| Untracked 
| 470|0x000000009d600000, 0x000000009d600000, 0x000000009d700000|  0%| F|  |TAMS 0x000000009d600000, 0x000000009d600000| Untracked 
| 471|0x000000009d700000, 0x000000009d700000, 0x000000009d800000|  0%| F|  |TAMS 0x000000009d700000, 0x000000009d700000| Untracked 
| 472|0x000000009d800000, 0x000000009d800000, 0x000000009d900000|  0%| F|  |TAMS 0x000000009d800000, 0x000000009d800000| Untracked 
| 473|0x000000009d900000, 0x000000009d900000, 0x000000009da00000|  0%| F|  |TAMS 0x000000009d900000, 0x000000009d900000| Untracked 
| 474|0x000000009da00000, 0x000000009da00000, 0x000000009db00000|  0%| F|  |TAMS 0x000000009da00000, 0x000000009da00000| Untracked 
| 475|0x000000009db00000, 0x000000009db00000, 0x000000009dc00000|  0%| F|  |TAMS 0x000000009db00000, 0x000000009db00000| Untracked 
| 476|0x000000009dc00000, 0x000000009dc00000, 0x000000009dd00000|  0%| F|  |TAMS 0x000000009dc00000, 0x000000009dc00000| Untracked 
| 477|0x000000009dd00000, 0x000000009dd00000, 0x000000009de00000|  0%| F|  |TAMS 0x000000009dd00000, 0x000000009dd00000| Untracked 
| 478|0x000000009de00000, 0x000000009de00000, 0x000000009df00000|  0%| F|  |TAMS 0x000000009de00000, 0x000000009de00000| Untracked 
| 479|0x000000009df00000, 0x000000009df00000, 0x000000009e000000|  0%| F|  |TAMS 0x000000009df00000, 0x000000009df00000| Untracked 
| 480|0x000000009e000000, 0x000000009e000000, 0x000000009e100000|  0%| F|  |TAMS 0x000000009e000000, 0x000000009e000000| Untracked 
| 481|0x000000009e100000, 0x000000009e100000, 0x000000009e200000|  0%| F|  |TAMS 0x000000009e100000, 0x000000009e100000| Untracked 
| 482|0x000000009e200000, 0x000000009e200000, 0x000000009e300000|  0%| F|  |TAMS 0x000000009e200000, 0x000000009e200000| Untracked 
| 483|0x000000009e300000, 0x000000009e300000, 0x000000009e400000|  0%| F|  |TAMS 0x000000009e300000, 0x000000009e300000| Untracked 
| 484|0x000000009e400000, 0x000000009e400000, 0x000000009e500000|  0%| F|  |TAMS 0x000000009e400000, 0x000000009e400000| Untracked 
| 485|0x000000009e500000, 0x000000009e500000, 0x000000009e600000|  0%| F|  |TAMS 0x000000009e500000, 0x000000009e500000| Untracked 
| 486|0x000000009e600000, 0x000000009e600000, 0x000000009e700000|  0%| F|  |TAMS 0x000000009e600000, 0x000000009e600000| Untracked 
| 487|0x000000009e700000, 0x000000009e700000, 0x000000009e800000|  0%| F|  |TAMS 0x000000009e700000, 0x000000009e700000| Untracked 
| 488|0x000000009e800000, 0x000000009e800000, 0x000000009e900000|  0%| F|  |TAMS 0x000000009e800000, 0x000000009e800000| Untracked 
| 489|0x000000009e900000, 0x000000009e900000, 0x000000009ea00000|  0%| F|  |TAMS 0x000000009e900000, 0x000000009e900000| Untracked 
| 490|0x000000009ea00000, 0x000000009ea00000, 0x000000009eb00000|  0%| F|  |TAMS 0x000000009ea00000, 0x000000009ea00000| Untracked 
| 491|0x000000009eb00000, 0x000000009eb00000, 0x000000009ec00000|  0%| F|  |TAMS 0x000000009eb00000, 0x000000009eb00000| Untracked 
| 492|0x000000009ec00000, 0x000000009ec00000, 0x000000009ed00000|  0%| F|  |TAMS 0x000000009ec00000, 0x000000009ec00000| Untracked 
| 493|0x000000009ed00000, 0x000000009ed00000, 0x000000009ee00000|  0%| F|  |TAMS 0x000000009ed00000, 0x000000009ed00000| Untracked 
| 494|0x000000009ee00000, 0x000000009ee00000, 0x000000009ef00000|  0%| F|  |TAMS 0x000000009ee00000, 0x000000009ee00000| Untracked 
| 495|0x000000009ef00000, 0x000000009ef00000, 0x000000009f000000|  0%| F|  |TAMS 0x000000009ef00000, 0x000000009ef00000| Untracked 
| 496|0x000000009f000000, 0x000000009f000000, 0x000000009f100000|  0%| F|  |TAMS 0x000000009f000000, 0x000000009f000000| Untracked 
| 497|0x000000009f100000, 0x000000009f100000, 0x000000009f200000|  0%| F|  |TAMS 0x000000009f100000, 0x000000009f100000| Untracked 
| 498|0x000000009f200000, 0x000000009f200000, 0x000000009f300000|  0%| F|  |TAMS 0x000000009f200000, 0x000000009f200000| Untracked 
| 499|0x000000009f300000, 0x000000009f300000, 0x000000009f400000|  0%| F|  |TAMS 0x000000009f300000, 0x000000009f300000| Untracked 
| 500|0x000000009f400000, 0x000000009f400000, 0x000000009f500000|  0%| F|  |TAMS 0x000000009f400000, 0x000000009f400000| Untracked 
| 501|0x000000009f500000, 0x000000009f500000, 0x000000009f600000|  0%| F|  |TAMS 0x000000009f500000, 0x000000009f500000| Untracked 
| 502|0x000000009f600000, 0x000000009f600000, 0x000000009f700000|  0%| F|  |TAMS 0x000000009f600000, 0x000000009f600000| Untracked 
| 503|0x000000009f700000, 0x000000009f700000, 0x000000009f800000|  0%| F|  |TAMS 0x000000009f700000, 0x000000009f700000| Untracked 
| 504|0x000000009f800000, 0x000000009f800000, 0x000000009f900000|  0%| F|  |TAMS 0x000000009f800000, 0x000000009f800000| Untracked 
| 505|0x000000009f900000, 0x000000009f900000, 0x000000009fa00000|  0%| F|  |TAMS 0x000000009f900000, 0x000000009f900000| Untracked 
| 506|0x000000009fa00000, 0x000000009fa00000, 0x000000009fb00000|  0%| F|  |TAMS 0x000000009fa00000, 0x000000009fa00000| Untracked 
| 507|0x000000009fb00000, 0x000000009fb00000, 0x000000009fc00000|  0%| F|  |TAMS 0x000000009fb00000, 0x000000009fb00000| Untracked 
| 508|0x000000009fc00000, 0x000000009fc00000, 0x000000009fd00000|  0%| F|  |TAMS 0x000000009fc00000, 0x000000009fc00000| Untracked 
| 509|0x000000009fd00000, 0x000000009fd00000, 0x000000009fe00000|  0%| F|  |TAMS 0x000000009fd00000, 0x000000009fd00000| Untracked 
| 510|0x000000009fe00000, 0x000000009fe00000, 0x000000009ff00000|  0%| F|  |TAMS 0x000000009fe00000, 0x000000009fe00000| Untracked 
| 511|0x000000009ff00000, 0x000000009ff00000, 0x00000000a0000000|  0%| F|  |TAMS 0x000000009ff00000, 0x000000009ff00000| Untracked 
| 512|0x00000000a0000000, 0x00000000a0000000, 0x00000000a0100000|  0%| F|  |TAMS 0x00000000a0000000, 0x00000000a0000000| Untracked 
| 513|0x00000000a0100000, 0x00000000a0100000, 0x00000000a0200000|  0%| F|  |TAMS 0x00000000a0100000, 0x00000000a0100000| Untracked 
| 514|0x00000000a0200000, 0x00000000a0200000, 0x00000000a0300000|  0%| F|  |TAMS 0x00000000a0200000, 0x00000000a0200000| Untracked 
| 515|0x00000000a0300000, 0x00000000a0300000, 0x00000000a0400000|  0%| F|  |TAMS 0x00000000a0300000, 0x00000000a0300000| Untracked 
| 516|0x00000000a0400000, 0x00000000a0400000, 0x00000000a0500000|  0%| F|  |TAMS 0x00000000a0400000, 0x00000000a0400000| Untracked 
| 517|0x00000000a0500000, 0x00000000a0500000, 0x00000000a0600000|  0%| F|  |TAMS 0x00000000a0500000, 0x00000000a0500000| Untracked 
| 518|0x00000000a0600000, 0x00000000a0600000, 0x00000000a0700000|  0%| F|  |TAMS 0x00000000a0600000, 0x00000000a0600000| Untracked 
| 519|0x00000000a0700000, 0x00000000a0700000, 0x00000000a0800000|  0%| F|  |TAMS 0x00000000a0700000, 0x00000000a0700000| Untracked 
| 520|0x00000000a0800000, 0x00000000a0800000, 0x00000000a0900000|  0%| F|  |TAMS 0x00000000a0800000, 0x00000000a0800000| Untracked 
| 521|0x00000000a0900000, 0x00000000a0900000, 0x00000000a0a00000|  0%| F|  |TAMS 0x00000000a0900000, 0x00000000a0900000| Untracked 
| 522|0x00000000a0a00000, 0x00000000a0a00000, 0x00000000a0b00000|  0%| F|  |TAMS 0x00000000a0a00000, 0x00000000a0a00000| Untracked 
| 523|0x00000000a0b00000, 0x00000000a0b00000, 0x00000000a0c00000|  0%| F|  |TAMS 0x00000000a0b00000, 0x00000000a0b00000| Untracked 
| 524|0x00000000a0c00000, 0x00000000a0c00000, 0x00000000a0d00000|  0%| F|  |TAMS 0x00000000a0c00000, 0x00000000a0c00000| Untracked 
| 525|0x00000000a0d00000, 0x00000000a0d00000, 0x00000000a0e00000|  0%| F|  |TAMS 0x00000000a0d00000, 0x00000000a0d00000| Untracked 
| 526|0x00000000a0e00000, 0x00000000a0e00000, 0x00000000a0f00000|  0%| F|  |TAMS 0x00000000a0e00000, 0x00000000a0e00000| Untracked 
| 527|0x00000000a0f00000, 0x00000000a0f00000, 0x00000000a1000000|  0%| F|  |TAMS 0x00000000a0f00000, 0x00000000a0f00000| Untracked 
| 528|0x00000000a1000000, 0x00000000a1000000, 0x00000000a1100000|  0%| F|  |TAMS 0x00000000a1000000, 0x00000000a1000000| Untracked 
| 529|0x00000000a1100000, 0x00000000a1100000, 0x00000000a1200000|  0%| F|  |TAMS 0x00000000a1100000, 0x00000000a1100000| Untracked 
| 530|0x00000000a1200000, 0x00000000a1200000, 0x00000000a1300000|  0%| F|  |TAMS 0x00000000a1200000, 0x00000000a1200000| Untracked 
| 531|0x00000000a1300000, 0x00000000a1300000, 0x00000000a1400000|  0%| F|  |TAMS 0x00000000a1300000, 0x00000000a1300000| Untracked 
| 532|0x00000000a1400000, 0x00000000a1400000, 0x00000000a1500000|  0%| F|  |TAMS 0x00000000a1400000, 0x00000000a1400000| Untracked 
| 533|0x00000000a1500000, 0x00000000a1500000, 0x00000000a1600000|  0%| F|  |TAMS 0x00000000a1500000, 0x00000000a1500000| Untracked 
| 534|0x00000000a1600000, 0x00000000a1600000, 0x00000000a1700000|  0%| F|  |TAMS 0x00000000a1600000, 0x00000000a1600000| Untracked 
| 535|0x00000000a1700000, 0x00000000a1700000, 0x00000000a1800000|  0%| F|  |TAMS 0x00000000a1700000, 0x00000000a1700000| Untracked 
| 536|0x00000000a1800000, 0x00000000a1800000, 0x00000000a1900000|  0%| F|  |TAMS 0x00000000a1800000, 0x00000000a1800000| Untracked 
| 537|0x00000000a1900000, 0x00000000a1900000, 0x00000000a1a00000|  0%| F|  |TAMS 0x00000000a1900000, 0x00000000a1900000| Untracked 
| 538|0x00000000a1a00000, 0x00000000a1a00000, 0x00000000a1b00000|  0%| F|  |TAMS 0x00000000a1a00000, 0x00000000a1a00000| Untracked 
| 539|0x00000000a1b00000, 0x00000000a1b00000, 0x00000000a1c00000|  0%| F|  |TAMS 0x00000000a1b00000, 0x00000000a1b00000| Untracked 
| 540|0x00000000a1c00000, 0x00000000a1c00000, 0x00000000a1d00000|  0%| F|  |TAMS 0x00000000a1c00000, 0x00000000a1c00000| Untracked 
| 541|0x00000000a1d00000, 0x00000000a1d00000, 0x00000000a1e00000|  0%| F|  |TAMS 0x00000000a1d00000, 0x00000000a1d00000| Untracked 
| 542|0x00000000a1e00000, 0x00000000a1e00000, 0x00000000a1f00000|  0%| F|  |TAMS 0x00000000a1e00000, 0x00000000a1e00000| Untracked 
| 543|0x00000000a1f00000, 0x00000000a1f00000, 0x00000000a2000000|  0%| F|  |TAMS 0x00000000a1f00000, 0x00000000a1f00000| Untracked 
| 544|0x00000000a2000000, 0x00000000a2000000, 0x00000000a2100000|  0%| F|  |TAMS 0x00000000a2000000, 0x00000000a2000000| Untracked 
| 545|0x00000000a2100000, 0x00000000a2100000, 0x00000000a2200000|  0%| F|  |TAMS 0x00000000a2100000, 0x00000000a2100000| Untracked 
| 546|0x00000000a2200000, 0x00000000a2200000, 0x00000000a2300000|  0%| F|  |TAMS 0x00000000a2200000, 0x00000000a2200000| Untracked 
| 547|0x00000000a2300000, 0x00000000a2300000, 0x00000000a2400000|  0%| F|  |TAMS 0x00000000a2300000, 0x00000000a2300000| Untracked 
| 548|0x00000000a2400000, 0x00000000a2400000, 0x00000000a2500000|  0%| F|  |TAMS 0x00000000a2400000, 0x00000000a2400000| Untracked 
| 549|0x00000000a2500000, 0x00000000a2500000, 0x00000000a2600000|  0%| F|  |TAMS 0x00000000a2500000, 0x00000000a2500000| Untracked 
| 550|0x00000000a2600000, 0x00000000a2600000, 0x00000000a2700000|  0%| F|  |TAMS 0x00000000a2600000, 0x00000000a2600000| Untracked 
| 551|0x00000000a2700000, 0x00000000a2700000, 0x00000000a2800000|  0%| F|  |TAMS 0x00000000a2700000, 0x00000000a2700000| Untracked 
| 552|0x00000000a2800000, 0x00000000a2800000, 0x00000000a2900000|  0%| F|  |TAMS 0x00000000a2800000, 0x00000000a2800000| Untracked 
| 553|0x00000000a2900000, 0x00000000a2900000, 0x00000000a2a00000|  0%| F|  |TAMS 0x00000000a2900000, 0x00000000a2900000| Untracked 
| 554|0x00000000a2a00000, 0x00000000a2a00000, 0x00000000a2b00000|  0%| F|  |TAMS 0x00000000a2a00000, 0x00000000a2a00000| Untracked 
| 555|0x00000000a2b00000, 0x00000000a2b00000, 0x00000000a2c00000|  0%| F|  |TAMS 0x00000000a2b00000, 0x00000000a2b00000| Untracked 
| 556|0x00000000a2c00000, 0x00000000a2c00000, 0x00000000a2d00000|  0%| F|  |TAMS 0x00000000a2c00000, 0x00000000a2c00000| Untracked 
| 557|0x00000000a2d00000, 0x00000000a2d00000, 0x00000000a2e00000|  0%| F|  |TAMS 0x00000000a2d00000, 0x00000000a2d00000| Untracked 
| 558|0x00000000a2e00000, 0x00000000a2e00000, 0x00000000a2f00000|  0%| F|  |TAMS 0x00000000a2e00000, 0x00000000a2e00000| Untracked 
| 559|0x00000000a2f00000, 0x00000000a2f00000, 0x00000000a3000000|  0%| F|  |TAMS 0x00000000a2f00000, 0x00000000a2f00000| Untracked 
| 560|0x00000000a3000000, 0x00000000a3000000, 0x00000000a3100000|  0%| F|  |TAMS 0x00000000a3000000, 0x00000000a3000000| Untracked 
| 561|0x00000000a3100000, 0x00000000a3100000, 0x00000000a3200000|  0%| F|  |TAMS 0x00000000a3100000, 0x00000000a3100000| Untracked 
| 562|0x00000000a3200000, 0x00000000a3200000, 0x00000000a3300000|  0%| F|  |TAMS 0x00000000a3200000, 0x00000000a3200000| Untracked 
| 563|0x00000000a3300000, 0x00000000a3300000, 0x00000000a3400000|  0%| F|  |TAMS 0x00000000a3300000, 0x00000000a3300000| Untracked 
| 564|0x00000000a3400000, 0x00000000a3400000, 0x00000000a3500000|  0%| F|  |TAMS 0x00000000a3400000, 0x00000000a3400000| Untracked 
| 565|0x00000000a3500000, 0x00000000a3500000, 0x00000000a3600000|  0%| F|  |TAMS 0x00000000a3500000, 0x00000000a3500000| Untracked 
| 566|0x00000000a3600000, 0x00000000a3600000, 0x00000000a3700000|  0%| F|  |TAMS 0x00000000a3600000, 0x00000000a3600000| Untracked 
| 567|0x00000000a3700000, 0x00000000a3700000, 0x00000000a3800000|  0%| F|  |TAMS 0x00000000a3700000, 0x00000000a3700000| Untracked 
| 568|0x00000000a3800000, 0x00000000a3800000, 0x00000000a3900000|  0%| F|  |TAMS 0x00000000a3800000, 0x00000000a3800000| Untracked 
| 569|0x00000000a3900000, 0x00000000a3900000, 0x00000000a3a00000|  0%| F|  |TAMS 0x00000000a3900000, 0x00000000a3900000| Untracked 
| 570|0x00000000a3a00000, 0x00000000a3a00000, 0x00000000a3b00000|  0%| F|  |TAMS 0x00000000a3a00000, 0x00000000a3a00000| Untracked 
| 571|0x00000000a3b00000, 0x00000000a3b00000, 0x00000000a3c00000|  0%| F|  |TAMS 0x00000000a3b00000, 0x00000000a3b00000| Untracked 
| 572|0x00000000a3c00000, 0x00000000a3c00000, 0x00000000a3d00000|  0%| F|  |TAMS 0x00000000a3c00000, 0x00000000a3c00000| Untracked 
| 573|0x00000000a3d00000, 0x00000000a3d00000, 0x00000000a3e00000|  0%| F|  |TAMS 0x00000000a3d00000, 0x00000000a3d00000| Untracked 
| 574|0x00000000a3e00000, 0x00000000a3e00000, 0x00000000a3f00000|  0%| F|  |TAMS 0x00000000a3e00000, 0x00000000a3e00000| Untracked 
| 575|0x00000000a3f00000, 0x00000000a3f00000, 0x00000000a4000000|  0%| F|  |TAMS 0x00000000a3f00000, 0x00000000a3f00000| Untracked 
| 576|0x00000000a4000000, 0x00000000a4000000, 0x00000000a4100000|  0%| F|  |TAMS 0x00000000a4000000, 0x00000000a4000000| Untracked 
| 577|0x00000000a4100000, 0x00000000a4100000, 0x00000000a4200000|  0%| F|  |TAMS 0x00000000a4100000, 0x00000000a4100000| Untracked 
| 578|0x00000000a4200000, 0x00000000a4200000, 0x00000000a4300000|  0%| F|  |TAMS 0x00000000a4200000, 0x00000000a4200000| Untracked 
| 579|0x00000000a4300000, 0x00000000a4300000, 0x00000000a4400000|  0%| F|  |TAMS 0x00000000a4300000, 0x00000000a4300000| Untracked 
| 580|0x00000000a4400000, 0x00000000a4400000, 0x00000000a4500000|  0%| F|  |TAMS 0x00000000a4400000, 0x00000000a4400000| Untracked 
| 581|0x00000000a4500000, 0x00000000a4500000, 0x00000000a4600000|  0%| F|  |TAMS 0x00000000a4500000, 0x00000000a4500000| Untracked 
| 582|0x00000000a4600000, 0x00000000a4600000, 0x00000000a4700000|  0%| F|  |TAMS 0x00000000a4600000, 0x00000000a4600000| Untracked 
| 583|0x00000000a4700000, 0x00000000a47bc3c0, 0x00000000a4800000| 73%| E|  |TAMS 0x00000000a4700000, 0x00000000a4700000| Complete 
| 584|0x00000000a4800000, 0x00000000a4900000, 0x00000000a4900000|100%| E|CS|TAMS 0x00000000a4800000, 0x00000000a4800000| Complete 
| 585|0x00000000a4900000, 0x00000000a4a00000, 0x00000000a4a00000|100%| E|CS|TAMS 0x00000000a4900000, 0x00000000a4900000| Complete 
| 586|0x00000000a4a00000, 0x00000000a4b00000, 0x00000000a4b00000|100%| E|CS|TAMS 0x00000000a4a00000, 0x00000000a4a00000| Complete 
| 587|0x00000000a4b00000, 0x00000000a4c00000, 0x00000000a4c00000|100%| E|CS|TAMS 0x00000000a4b00000, 0x00000000a4b00000| Complete 
| 588|0x00000000a4c00000, 0x00000000a4d00000, 0x00000000a4d00000|100%| E|CS|TAMS 0x00000000a4c00000, 0x00000000a4c00000| Complete 
| 589|0x00000000a4d00000, 0x00000000a4e00000, 0x00000000a4e00000|100%| E|CS|TAMS 0x00000000a4d00000, 0x00000000a4d00000| Complete 
| 590|0x00000000a4e00000, 0x00000000a4f00000, 0x00000000a4f00000|100%| E|CS|TAMS 0x00000000a4e00000, 0x00000000a4e00000| Complete 
| 591|0x00000000a4f00000, 0x00000000a5000000, 0x00000000a5000000|100%| E|CS|TAMS 0x00000000a4f00000, 0x00000000a4f00000| Complete 
| 592|0x00000000a5000000, 0x00000000a5100000, 0x00000000a5100000|100%| E|CS|TAMS 0x00000000a5000000, 0x00000000a5000000| Complete 
| 593|0x00000000a5100000, 0x00000000a5200000, 0x00000000a5200000|100%| E|CS|TAMS 0x00000000a5100000, 0x00000000a5100000| Complete 
| 594|0x00000000a5200000, 0x00000000a5300000, 0x00000000a5300000|100%| E|CS|TAMS 0x00000000a5200000, 0x00000000a5200000| Complete 
| 595|0x00000000a5300000, 0x00000000a5400000, 0x00000000a5400000|100%| E|CS|TAMS 0x00000000a5300000, 0x00000000a5300000| Complete 
| 596|0x00000000a5400000, 0x00000000a5500000, 0x00000000a5500000|100%| E|CS|TAMS 0x00000000a5400000, 0x00000000a5400000| Complete 
| 597|0x00000000a5500000, 0x00000000a5600000, 0x00000000a5600000|100%| E|CS|TAMS 0x00000000a5500000, 0x00000000a5500000| Complete 
| 598|0x00000000a5600000, 0x00000000a5700000, 0x00000000a5700000|100%| E|CS|TAMS 0x00000000a5600000, 0x00000000a5600000| Complete 
| 599|0x00000000a5700000, 0x00000000a5800000, 0x00000000a5800000|100%| E|CS|TAMS 0x00000000a5700000, 0x00000000a5700000| Complete 
| 600|0x00000000a5800000, 0x00000000a5900000, 0x00000000a5900000|100%| E|CS|TAMS 0x00000000a5800000, 0x00000000a5800000| Complete 
| 601|0x00000000a5900000, 0x00000000a5a00000, 0x00000000a5a00000|100%| E|CS|TAMS 0x00000000a5900000, 0x00000000a5900000| Complete 
| 602|0x00000000a5a00000, 0x00000000a5a80000, 0x00000000a5b00000| 50%| S|CS|TAMS 0x00000000a5a00000, 0x00000000a5a00000| Complete 
| 603|0x00000000a5b00000, 0x00000000a5c00000, 0x00000000a5c00000|100%| S|CS|TAMS 0x00000000a5b00000, 0x00000000a5b00000| Complete 
| 604|0x00000000a5c00000, 0x00000000a5d00000, 0x00000000a5d00000|100%| S|CS|TAMS 0x00000000a5c00000, 0x00000000a5c00000| Complete 
| 605|0x00000000a5d00000, 0x00000000a5e00000, 0x00000000a5e00000|100%| E|CS|TAMS 0x00000000a5d00000, 0x00000000a5d00000| Complete 
| 606|0x00000000a5e00000, 0x00000000a5f00000, 0x00000000a5f00000|100%| E|CS|TAMS 0x00000000a5e00000, 0x00000000a5e00000| Complete 
| 607|0x00000000a5f00000, 0x00000000a6000000, 0x00000000a6000000|100%| E|CS|TAMS 0x00000000a5f00000, 0x00000000a5f00000| Complete 
| 608|0x00000000a6000000, 0x00000000a6100000, 0x00000000a6100000|100%| E|CS|TAMS 0x00000000a6000000, 0x00000000a6000000| Complete 
| 609|0x00000000a6100000, 0x00000000a6200000, 0x00000000a6200000|100%| E|CS|TAMS 0x00000000a6100000, 0x00000000a6100000| Complete 
| 610|0x00000000a6200000, 0x00000000a6300000, 0x00000000a6300000|100%| E|CS|TAMS 0x00000000a6200000, 0x00000000a6200000| Complete 
| 611|0x00000000a6300000, 0x00000000a6400000, 0x00000000a6400000|100%| E|CS|TAMS 0x00000000a6300000, 0x00000000a6300000| Complete 
| 612|0x00000000a6400000, 0x00000000a6500000, 0x00000000a6500000|100%| E|CS|TAMS 0x00000000a6400000, 0x00000000a6400000| Complete 
| 613|0x00000000a6500000, 0x00000000a6600000, 0x00000000a6600000|100%| E|CS|TAMS 0x00000000a6500000, 0x00000000a6500000| Complete 
| 614|0x00000000a6600000, 0x00000000a6700000, 0x00000000a6700000|100%| E|CS|TAMS 0x00000000a6600000, 0x00000000a6600000| Complete 

Card table byte_map: [0x0000022718930000,0x0000022718d30000] _byte_map_base: 0x0000022718530000

Marking Bits (Prev, Next): (CMBitMap*) 0x0000022701655d00, (CMBitMap*) 0x0000022701655d40
 Prev Bits: [0x0000022719130000, 0x000002271b130000)
 Next Bits: [0x000002271b130000, 0x000002271d130000)

Polling page: 0x00000227016c0000

Metaspace:

Usage:
  Non-class:    111.62 MB used.
      Class:     17.67 MB used.
       Both:    129.29 MB used.

Virtual space:
  Non-class space:      128.00 MB reserved,     112.75 MB ( 88%) committed,  2 nodes.
      Class space:      416.00 MB reserved,      18.81 MB (  5%) committed,  1 nodes.
             Both:      544.00 MB reserved,     131.56 MB ( 24%) committed. 

Chunk freelists:
   Non-Class:  14.94 MB
       Class:  13.09 MB
        Both:  28.03 MB

MaxMetaspaceSize: 512.00 MB
CompressedClassSpaceSize: 416.00 MB
Initial GC threshold: 21.00 MB
Current GC threshold: 219.06 MB
CDS: on
MetaspaceReclaimPolicy: balanced
 - commit_granule_bytes: 65536.
 - commit_granule_words: 8192.
 - virtual_space_node_default_size: 8388608.
 - enlarge_chunks_in_place: 1.
 - new_chunks_are_fully_committed: 0.
 - uncommit_free_chunks: 1.
 - use_allocation_guard: 0.
 - handle_deallocations: 1.


Internal statistics:

num_allocs_failed_limit: 9.
num_arena_births: 3794.
num_arena_deaths: 284.
num_vsnodes_births: 3.
num_vsnodes_deaths: 0.
num_space_committed: 2104.
num_space_uncommitted: 0.
num_chunks_returned_to_freelist: 343.
num_chunks_taken_from_freelist: 10471.
num_chunk_merges: 113.
num_chunk_splits: 6232.
num_chunks_enlarged: 3354.
num_inconsistent_stats: 0.

CodeHeap 'non-profiled nmethods': size=120000Kb used=17956Kb max_used=17956Kb free=102043Kb
 bounds [0x00000227109d0000, 0x0000022711b60000, 0x0000022717f00000]
CodeHeap 'profiled nmethods': size=120000Kb used=41438Kb max_used=41438Kb free=78561Kb
 bounds [0x0000022708f00000, 0x000002270b780000, 0x0000022710430000]
CodeHeap 'non-nmethods': size=5760Kb used=1862Kb max_used=1948Kb free=3897Kb
 bounds [0x0000022710430000, 0x00000227106a0000, 0x00000227109d0000]
 total_blobs=21881 nmethods=20898 adapters=894
 compilation: enabled
              stopped_count=0, restarted_count=0
 full_count=0

Compilation events (20 events):
Event: 1826.107 Thread 0x000002271f760f30 nmethod 25295 0x000002270b770590 code [0x000002270b770760, 0x000002270b770a58]
Event: 1826.107 Thread 0x000002271f760f30 25296       3       org.gradle.internal.io.StreamByteBuffer::clear (25 bytes)
Event: 1826.107 Thread 0x000002271f760f30 nmethod 25296 0x000002270b770b90 code [0x000002270b770d40, 0x000002270b770f68]
Event: 1826.107 Thread 0x000002271f760f30 25297       3       org.gradle.internal.io.StreamByteBuffer$StreamByteBufferChunk::clear (11 bytes)
Event: 1826.107 Thread 0x000002271f760f30 nmethod 25297 0x000002270b771090 code [0x000002270b771220, 0x000002270b771338]
Event: 1826.109 Thread 0x000002271f760f30 25298   !   3       org.gradle.internal.io.StreamByteBuffer::readAsCharBuffer (383 bytes)
Event: 1826.115 Thread 0x000002271f760f30 nmethod 25298 0x000002270b771410 code [0x000002270b771960, 0x000002270b774788]
Event: 1826.116 Thread 0x000002271f756690 25299   !   4       java.io.BufferedWriter::write (117 bytes)
Event: 1826.119 Thread 0x000002271f760f30 25300       3       org.gradle.internal.io.LinePerThreadBufferingOutputStream::flush (14 bytes)
Event: 1826.120 Thread 0x000002271f760f30 nmethod 25300 0x000002270b775890 code [0x000002270b775a60, 0x000002270b775e78]
Event: 1826.120 Thread 0x000002271f760f30 25301       3       org.gradle.internal.io.LinePerThreadBufferingOutputStream::maybeGetStream (11 bytes)
Event: 1826.120 Thread 0x000002271f760f30 nmethod 25301 0x000002270b776010 code [0x000002270b7761c0, 0x000002270b776488]
Event: 1826.122 Thread 0x000002271f760f30 25303   !   3       java.nio.HeapCharBuffer::toString (30 bytes)
Event: 1826.122 Thread 0x000002271f760f30 nmethod 25303 0x000002270b776590 code [0x000002270b776740, 0x000002270b7769d8]
Event: 1826.126 Thread 0x000002271f756690 nmethod 25299 0x0000022711b58390 code [0x0000022711b58520, 0x0000022711b58d98]
Event: 1826.126 Thread 0x000002271f756690 25302   !   4       org.gradle.internal.logging.text.StreamBackedStandardOutputListener::onOutput (30 bytes)
Event: 1826.130 Thread 0x000002271f760f30 25305       3       org.gradle.internal.logging.events.StyledTextOutputEvent::withLogLevel (25 bytes)
Event: 1826.130 Thread 0x000002271f760f30 nmethod 25305 0x000002270b776b10 code [0x000002270b776cc0, 0x000002270b777068]
Event: 1826.130 Thread 0x000002271f760f30 25306       3       java.io.OutputStream::write (34 bytes)
Event: 1826.131 Thread 0x000002271f760f30 nmethod 25306 0x000002270b777110 code [0x000002270b7772e0, 0x000002270b777758]

GC Heap History (20 events):
Event: 167.270 GC heap before
{Heap before GC invocations=88 (full 0):
 garbage-first heap   total 411648K, used 341750K [0x0000000080000000, 0x0000000100000000)
  region size 1024K, 8 young (8192K), 7 survivors (7168K)
 Metaspace       used 123412K, committed 125376K, reserved 557056K
  class space    used 17043K, committed 17984K, reserved 425984K
}
Event: 167.280 GC heap after
{Heap after GC invocations=89 (full 0):
 garbage-first heap   total 411648K, used 317973K [0x0000000080000000, 0x0000000100000000)
  region size 1024K, 1 young (1024K), 1 survivors (1024K)
 Metaspace       used 123412K, committed 125376K, reserved 557056K
  class space    used 17043K, committed 17984K, reserved 425984K
}
Event: 167.301 GC heap before
{Heap before GC invocations=89 (full 0):
 garbage-first heap   total 411648K, used 322069K [0x0000000080000000, 0x0000000100000000)
  region size 1024K, 2 young (2048K), 1 survivors (1024K)
 Metaspace       used 123413K, committed 125376K, reserved 557056K
  class space    used 17043K, committed 17984K, reserved 425984K
}
Event: 167.304 GC heap after
{Heap after GC invocations=90 (full 0):
 garbage-first heap   total 411648K, used 317357K [0x0000000080000000, 0x0000000100000000)
  region size 1024K, 1 young (1024K), 1 survivors (1024K)
 Metaspace       used 123413K, committed 125376K, reserved 557056K
  class space    used 17043K, committed 17984K, reserved 425984K
}
Event: 167.441 GC heap before
{Heap before GC invocations=90 (full 0):
 garbage-first heap   total 411648K, used 407469K [0x0000000080000000, 0x0000000100000000)
  region size 1024K, 2 young (2048K), 1 survivors (1024K)
 Metaspace       used 123413K, committed 125376K, reserved 557056K
  class space    used 17043K, committed 17984K, reserved 425984K
}
Event: 167.443 GC heap after
{Heap after GC invocations=91 (full 0):
 garbage-first heap   total 411648K, used 315058K [0x0000000080000000, 0x0000000100000000)
  region size 1024K, 1 young (1024K), 1 survivors (1024K)
 Metaspace       used 123413K, committed 125376K, reserved 557056K
  class space    used 17043K, committed 17984K, reserved 425984K
}
Event: 167.572 GC heap before
{Heap before GC invocations=91 (full 0):
 garbage-first heap   total 411648K, used 407218K [0x0000000080000000, 0x0000000100000000)
  region size 1024K, 2 young (2048K), 1 survivors (1024K)
 Metaspace       used 123413K, committed 125376K, reserved 557056K
  class space    used 17043K, committed 17984K, reserved 425984K
}
Event: 167.574 GC heap after
{Heap after GC invocations=92 (full 0):
 garbage-first heap   total 411648K, used 319110K [0x0000000080000000, 0x0000000100000000)
  region size 1024K, 1 young (1024K), 1 survivors (1024K)
 Metaspace       used 123413K, committed 125376K, reserved 557056K
  class space    used 17043K, committed 17984K, reserved 425984K
}
Event: 226.239 GC heap before
{Heap before GC invocations=93 (full 0):
 garbage-first heap   total 582656K, used 371334K [0x0000000080000000, 0x0000000100000000)
  region size 1024K, 28 young (28672K), 1 survivors (1024K)
 Metaspace       used 125075K, committed 127168K, reserved 557056K
  class space    used 17291K, committed 18304K, reserved 425984K
}
Event: 226.245 GC heap after
{Heap after GC invocations=94 (full 0):
 garbage-first heap   total 582656K, used 309409K [0x0000000080000000, 0x0000000100000000)
  region size 1024K, 1 young (1024K), 1 survivors (1024K)
 Metaspace       used 125075K, committed 127168K, reserved 557056K
  class space    used 17291K, committed 18304K, reserved 425984K
}
Event: 434.449 GC heap before
{Heap before GC invocations=94 (full 0):
 garbage-first heap   total 582656K, used 337057K [0x0000000080000000, 0x0000000100000000)
  region size 1024K, 28 young (28672K), 1 survivors (1024K)
 Metaspace       used 125428K, committed 127552K, reserved 557056K
  class space    used 17332K, committed 18368K, reserved 425984K
}
Event: 434.471 GC heap after
{Heap after GC invocations=95 (full 0):
 garbage-first heap   total 582656K, used 295838K [0x0000000080000000, 0x0000000100000000)
  region size 1024K, 1 young (1024K), 1 survivors (1024K)
 Metaspace       used 125428K, committed 127552K, reserved 557056K
  class space    used 17332K, committed 18368K, reserved 425984K
}
Event: 1796.799 GC heap before
{Heap before GC invocations=95 (full 0):
 garbage-first heap   total 582656K, used 495518K [0x0000000080000000, 0x0000000100000000)
  region size 1024K, 197 young (201728K), 1 survivors (1024K)
 Metaspace       used 131553K, committed 133760K, reserved 557056K
  class space    used 18079K, committed 19136K, reserved 425984K
}
Event: 1796.848 GC heap after
{Heap after GC invocations=96 (full 0):
 garbage-first heap   total 582656K, used 313420K [0x0000000080000000, 0x0000000100000000)
  region size 1024K, 19 young (19456K), 19 survivors (19456K)
 Metaspace       used 131553K, committed 133760K, reserved 557056K
  class space    used 18079K, committed 19136K, reserved 425984K
}
Event: 1801.342 GC heap before
{Heap before GC invocations=96 (full 0):
 garbage-first heap   total 582656K, used 479308K [0x0000000080000000, 0x0000000100000000)
  region size 1024K, 181 young (185344K), 19 survivors (19456K)
 Metaspace       used 132172K, committed 134528K, reserved 557056K
  class space    used 18128K, committed 19264K, reserved 425984K
}
Event: 1801.464 GC heap after
{Heap after GC invocations=97 (full 0):
 garbage-first heap   total 582656K, used 341013K [0x0000000080000000, 0x0000000100000000)
  region size 1024K, 23 young (23552K), 23 survivors (23552K)
 Metaspace       used 132172K, committed 134528K, reserved 557056K
  class space    used 18128K, committed 19264K, reserved 425984K
}
Event: 1805.663 GC heap before
{Heap before GC invocations=98 (full 0):
 garbage-first heap   total 629760K, used 476181K [0x0000000080000000, 0x0000000100000000)
  region size 1024K, 155 young (158720K), 23 survivors (23552K)
 Metaspace       used 132242K, committed 134592K, reserved 557056K
  class space    used 18085K, committed 19264K, reserved 425984K
}
Event: 1805.835 GC heap after
{Heap after GC invocations=99 (full 0):
 garbage-first heap   total 629760K, used 362284K [0x0000000080000000, 0x0000000100000000)
  region size 1024K, 20 young (20480K), 20 survivors (20480K)
 Metaspace       used 132242K, committed 134592K, reserved 557056K
  class space    used 18085K, committed 19264K, reserved 425984K
}
Event: 1806.051 GC heap before
{Heap before GC invocations=99 (full 0):
 garbage-first heap   total 629760K, used 372524K [0x0000000080000000, 0x0000000100000000)
  region size 1024K, 30 young (30720K), 20 survivors (20480K)
 Metaspace       used 132278K, committed 134592K, reserved 557056K
  class space    used 18091K, committed 19264K, reserved 425984K
}
Event: 1806.234 GC heap after
{Heap after GC invocations=100 (full 0):
 garbage-first heap   total 629760K, used 351232K [0x0000000080000000, 0x0000000100000000)
  region size 1024K, 3 young (3072K), 3 survivors (3072K)
 Metaspace       used 132278K, committed 134592K, reserved 557056K
  class space    used 18091K, committed 19264K, reserved 425984K
}

Deoptimization events (20 events):
Event: 1806.495 Thread 0x00000227445e9430 Uncommon trap: trap_request=0xffffffde fr.pc=0x0000022711726e6c relative=0x00000000000001ac
Event: 1806.495 Thread 0x00000227445e9430 Uncommon trap: reason=class_check action=maybe_recompile pc=0x0000022711726e6c method=org.gradle.execution.plan.DefaultFinalizedExecutionPlan$1.compare(Lorg/gradle/execution/plan/Node;Lorg/gradle/execution/plan/Node;)I @ 8 c2
Event: 1806.495 Thread 0x00000227445e9430 DEOPT PACKING pc=0x0000022711726e6c sp=0x000000d2036fbc00
Event: 1806.495 Thread 0x00000227445e9430 DEOPT UNPACKING pc=0x00000227104823a3 sp=0x000000d2036fbb28 mode 2
Event: 1806.670 Thread 0x0000022744b42d00 DEOPT PACKING pc=0x000002270adcc546 sp=0x000000d205afcd80
Event: 1806.670 Thread 0x0000022744b42d00 DEOPT UNPACKING pc=0x0000022710482b43 sp=0x000000d205afc220 mode 0
Event: 1806.719 Thread 0x0000022744b42d00 DEOPT PACKING pc=0x000002270add2741 sp=0x000000d205afcc50
Event: 1806.719 Thread 0x0000022744b42d00 DEOPT UNPACKING pc=0x0000022710482b43 sp=0x000000d205afc188 mode 0
Event: 1806.735 Thread 0x0000022744b42d00 Uncommon trap: trap_request=0xffffff45 fr.pc=0x0000022710e0c5fc relative=0x000000000000015c
Event: 1806.735 Thread 0x0000022744b42d00 Uncommon trap: reason=unstable_if action=reinterpret pc=0x0000022710e0c5fc method=java.lang.ClassValue.match(Ljava/lang/ClassValue$Entry;)Z @ 12 c2
Event: 1806.735 Thread 0x0000022744b42d00 DEOPT PACKING pc=0x0000022710e0c5fc sp=0x000000d205afc6a0
Event: 1806.735 Thread 0x0000022744b42d00 DEOPT UNPACKING pc=0x00000227104823a3 sp=0x000000d205afc5f0 mode 2
Event: 1806.947 Thread 0x0000022744b42d00 Uncommon trap: trap_request=0xffffffc6 fr.pc=0x0000022710f6ad94 relative=0x00000000000008d4
Event: 1806.947 Thread 0x0000022744b42d00 Uncommon trap: reason=bimorphic_or_optimized_type_check action=maybe_recompile pc=0x0000022710f6ad94 method=org.gradle.internal.snapshot.ChildMap$Entry.handleAncestorDescendantOrExactMatch(Lorg/gradle/internal/snapshot/VfsRelativePath;Lorg/gradle/internal
Event: 1806.947 Thread 0x0000022744b42d00 DEOPT PACKING pc=0x0000022710f6ad94 sp=0x000000d205afc240
Event: 1806.947 Thread 0x0000022744b42d00 DEOPT UNPACKING pc=0x00000227104823a3 sp=0x000000d205afc108 mode 2
Event: 1807.072 Thread 0x0000022744b42d00 Uncommon trap: trap_request=0xffffff45 fr.pc=0x0000022711266e88 relative=0x0000000000004128
Event: 1807.072 Thread 0x0000022744b42d00 Uncommon trap: reason=unstable_if action=reinterpret pc=0x0000022711266e88 method=java.lang.ref.SoftReference.get()Ljava/lang/Object; @ 6 c2
Event: 1807.072 Thread 0x0000022744b42d00 DEOPT PACKING pc=0x0000022711266e88 sp=0x000000d205afb570
Event: 1807.073 Thread 0x0000022744b42d00 DEOPT UNPACKING pc=0x00000227104823a3 sp=0x000000d205afb398 mode 2

Classes unloaded (20 events):
Event: 1802.776 Thread 0x000002271f72df30 Unloading class 0x00000227214d2000 'java/lang/invoke/LambdaForm$BMH+0x00000227214d2000'
Event: 1802.776 Thread 0x000002271f72df30 Unloading class 0x00000227214d0c00 'java/lang/invoke/LambdaForm$DMH+0x00000227214d0c00'
Event: 1802.776 Thread 0x000002271f72df30 Unloading class 0x000002272143d400 'java/lang/invoke/LambdaForm$MH+0x000002272143d400'
Event: 1802.776 Thread 0x000002271f72df30 Unloading class 0x00000227211dfc00 'java/lang/invoke/LambdaForm$MH+0x00000227211dfc00'
Event: 1802.776 Thread 0x000002271f72df30 Unloading class 0x00000227211df800 'java/lang/invoke/LambdaForm$MH+0x00000227211df800'
Event: 1802.776 Thread 0x000002271f72df30 Unloading class 0x00000227211df400 'java/lang/invoke/LambdaForm$MH+0x00000227211df400'
Event: 1802.776 Thread 0x000002271f72df30 Unloading class 0x00000227211df000 'java/lang/invoke/LambdaForm$MH+0x00000227211df000'
Event: 1802.776 Thread 0x000002271f72df30 Unloading class 0x00000227211dec00 'java/lang/invoke/LambdaForm$MH+0x00000227211dec00'
Event: 1802.777 Thread 0x000002271f72df30 Unloading class 0x00000227211de800 'java/lang/invoke/LambdaForm$MH+0x00000227211de800'
Event: 1802.777 Thread 0x000002271f72df30 Unloading class 0x00000227211de400 'java/lang/invoke/LambdaForm$MH+0x00000227211de400'
Event: 1802.777 Thread 0x000002271f72df30 Unloading class 0x00000227211de000 'java/lang/invoke/LambdaForm$MH+0x00000227211de000'
Event: 1802.777 Thread 0x000002271f72df30 Unloading class 0x00000227211ddc00 'java/lang/invoke/LambdaForm$MH+0x00000227211ddc00'
Event: 1802.777 Thread 0x000002271f72df30 Unloading class 0x00000227211dd800 'java/lang/invoke/LambdaForm$MH+0x00000227211dd800'
Event: 1802.777 Thread 0x000002271f72df30 Unloading class 0x00000227211dc800 'java/lang/invoke/LambdaForm$MH+0x00000227211dc800'
Event: 1802.777 Thread 0x000002271f72df30 Unloading class 0x00000227211dc400 'java/lang/invoke/LambdaForm$BMH+0x00000227211dc400'
Event: 1802.777 Thread 0x000002271f72df30 Unloading class 0x0000022721110800 'java/lang/invoke/LambdaForm$DMH+0x0000022721110800'
Event: 1802.777 Thread 0x000002271f72df30 Unloading class 0x0000022721110000 'java/lang/invoke/LambdaForm$DMH+0x0000022721110000'
Event: 1802.777 Thread 0x000002271f72df30 Unloading class 0x000002272103a800 'java/lang/invoke/LambdaForm$MH+0x000002272103a800'
Event: 1802.777 Thread 0x000002271f72df30 Unloading class 0x000002272103a400 'java/lang/invoke/LambdaForm$MH+0x000002272103a400'
Event: 1802.777 Thread 0x000002271f72df30 Unloading class 0x0000022721038000 'java/lang/invoke/LambdaForm$MH+0x0000022721038000'

Classes redefined (0 events):
No events

Internal exceptions (20 events):
Event: 1796.448 Thread 0x00000227445e9430 Exception <a 'sun/nio/fs/WindowsException'{0x00000000984e3a98}> (0x00000000984e3a98) 
thrown [s\open\src\hotspot\share\prims\jni.cpp, line 516]
Event: 1796.711 Thread 0x00000227445e9430 Implicit null exception at 0x000002271160666d to 0x000002271160694c
Event: 1797.547 Thread 0x00000227445e9430 Exception <a 'java/lang/IncompatibleClassChangeError'{0x00000000a1dfb040}: Found class java.lang.Object, but interface was expected> (0x00000000a1dfb040) 
thrown [s\open\src\hotspot\share\interpreter\linkResolver.cpp, line 826]
Event: 1797.548 Thread 0x00000227445e9430 Exception <a 'java/lang/IncompatibleClassChangeError'{0x00000000a1dfc980}: Found class java.lang.Object, but interface was expected> (0x00000000a1dfc980) 
thrown [s\open\src\hotspot\share\interpreter\linkResolver.cpp, line 826]
Event: 1803.016 Thread 0x00000227445e9430 Implicit null exception at 0x0000022710c2014e to 0x0000022710c21910
Event: 1803.021 Thread 0x00000227445e9430 Implicit null exception at 0x0000022710bc3772 to 0x0000022710bc398c
Event: 1803.024 Thread 0x00000227445e9430 Implicit null exception at 0x0000022710a0e98b to 0x0000022710a0edac
Event: 1803.025 Thread 0x00000227445e9430 Implicit null exception at 0x0000022710be0b8b to 0x0000022710be0fb8
Event: 1803.420 Thread 0x00000227445e9430 Implicit null exception at 0x000002271182ecab to 0x000002271182f4f0
Event: 1803.433 Thread 0x00000227445e9430 Implicit null exception at 0x0000022710b283eb to 0x0000022710b29484
Event: 1803.447 Thread 0x00000227445e9430 Exception <a 'sun/nio/fs/WindowsException'{0x00000000a6033788}> (0x00000000a6033788) 
thrown [s\open\src\hotspot\share\prims\jni.cpp, line 516]
Event: 1803.447 Thread 0x00000227445e9430 Exception <a 'sun/nio/fs/WindowsException'{0x00000000a6034cb0}> (0x00000000a6034cb0) 
thrown [s\open\src\hotspot\share\prims\jni.cpp, line 516]
Event: 1803.447 Thread 0x00000227445e9430 Exception <a 'sun/nio/fs/WindowsException'{0x00000000a6036228}> (0x00000000a6036228) 
thrown [s\open\src\hotspot\share\prims\jni.cpp, line 516]
Event: 1803.447 Thread 0x00000227445e9430 Exception <a 'sun/nio/fs/WindowsException'{0x00000000a60377a0}> (0x00000000a60377a0) 
thrown [s\open\src\hotspot\share\prims\jni.cpp, line 516]
Event: 1803.482 Thread 0x00000227445e9430 Implicit null exception at 0x00000227117bd18b to 0x00000227117bd6cc
Event: 1804.731 Thread 0x00000227445e9430 Exception <a 'sun/nio/fs/WindowsException'{0x00000000a0fb09b0}> (0x00000000a0fb09b0) 
thrown [s\open\src\hotspot\share\prims\jni.cpp, line 516]
Event: 1804.731 Thread 0x00000227445e9430 Exception <a 'sun/nio/fs/WindowsException'{0x00000000a0fb1ed8}> (0x00000000a0fb1ed8) 
thrown [s\open\src\hotspot\share\prims\jni.cpp, line 516]
Event: 1804.731 Thread 0x00000227445e9430 Exception <a 'sun/nio/fs/WindowsException'{0x00000000a0fb3450}> (0x00000000a0fb3450) 
thrown [s\open\src\hotspot\share\prims\jni.cpp, line 516]
Event: 1804.731 Thread 0x00000227445e9430 Exception <a 'sun/nio/fs/WindowsException'{0x00000000a0fb49c8}> (0x00000000a0fb49c8) 
thrown [s\open\src\hotspot\share\prims\jni.cpp, line 516]
Event: 1807.072 Thread 0x0000022744b42d00 Implicit null exception at 0x000002271126332b to 0x0000022711266e5c

VM Operations (20 events):
Event: 1802.469 Executing VM operation: Cleanup
Event: 1802.469 Executing VM operation: Cleanup done
Event: 1802.763 Executing VM operation: G1Concurrent
Event: 1802.917 Executing VM operation: G1Concurrent done
Event: 1803.665 Executing VM operation: G1Concurrent
Event: 1803.677 Executing VM operation: G1Concurrent done
Event: 1803.688 Executing VM operation: HandshakeAllThreads
Event: 1803.688 Executing VM operation: HandshakeAllThreads done
Event: 1804.694 Executing VM operation: Cleanup
Event: 1804.696 Executing VM operation: Cleanup done
Event: 1805.662 Executing VM operation: G1CollectForAllocation
Event: 1805.835 Executing VM operation: G1CollectForAllocation done
Event: 1806.051 Executing VM operation: G1CollectForAllocation
Event: 1806.235 Executing VM operation: G1CollectForAllocation done
Event: 1807.237 Executing VM operation: Cleanup
Event: 1807.237 Executing VM operation: Cleanup done
Event: 1810.251 Executing VM operation: Cleanup
Event: 1810.251 Executing VM operation: Cleanup done
Event: 1822.331 Executing VM operation: Cleanup
Event: 1822.332 Executing VM operation: Cleanup done

Events (20 events):
Event: 1796.906 Thread 0x000002271f76ab80 flushing nmethod 0x000002270ae5f410
Event: 1796.910 Thread 0x000002271f76ab80 flushing nmethod 0x000002270b22aa10
Event: 1796.911 Thread 0x000002271f76ab80 flushing nmethod 0x000002270b256d10
Event: 1796.911 Thread 0x000002271f76ab80 flushing nmethod 0x000002270b26b790
Event: 1796.911 Thread 0x000002271f76ab80 flushing nmethod 0x000002270b2b5810
Event: 1797.402 Thread 0x00000227414a3bc0 Thread added: 0x00000227414a3bc0
Event: 1797.402 Thread 0x00000227414a1850 Thread added: 0x00000227414a1850
Event: 1797.402 Thread 0x00000227414a2c90 Thread added: 0x00000227414a2c90
Event: 1797.433 Thread 0x00000227414a1d60 Thread added: 0x00000227414a1d60
Event: 1797.433 Thread 0x00000227414a40d0 Thread added: 0x00000227414a40d0
Event: 1797.438 Thread 0x00000227414a31a0 Thread added: 0x00000227414a31a0
Event: 1797.803 Thread 0x00000227414a36b0 Thread added: 0x00000227414a36b0
Event: 1797.804 Thread 0x00000227414a0920 Thread added: 0x00000227414a0920
Event: 1798.231 Thread 0x00000227439b7ae0 Thread exited: 0x00000227439b7ae0
Event: 1798.239 Thread 0x00000227414a2270 Thread added: 0x00000227414a2270
Event: 1798.247 Thread 0x00000227414a0e30 Thread added: 0x00000227414a0e30
Event: 1798.247 Thread 0x00000227414a2780 Thread added: 0x00000227414a2780
Event: 1798.413 Thread 0x00000227439b7ae0 Thread added: 0x00000227439b7ae0
Event: 1806.505 Thread 0x0000022743a2c730 Thread added: 0x0000022743a2c730
Event: 1810.035 Thread 0x00000227439b7ae0 Thread exited: 0x00000227439b7ae0


Dynamic libraries:
0x00007ff7d9de0000 - 0x00007ff7d9df0000 	C:\Program Files\Java\jdk-17\bin\java.exe
0x00007ff9ae460000 - 0x00007ff9ae6c0000 	C:\Windows\SYSTEM32\ntdll.dll
0x00007ff9ad490000 - 0x00007ff9ad557000 	C:\Windows\System32\KERNEL32.DLL
0x00007ff9ab640000 - 0x00007ff9aba0a000 	C:\Windows\System32\KERNELBASE.dll
0x00007ff9abd70000 - 0x00007ff9abebb000 	C:\Windows\System32\ucrtbase.dll
0x00007ff982ca0000 - 0x00007ff982cbb000 	C:\Program Files\Java\jdk-17\bin\VCRUNTIME140.dll
0x00007ff9839c0000 - 0x00007ff9839d9000 	C:\Program Files\Java\jdk-17\bin\jli.dll
0x00007ff9ad220000 - 0x00007ff9ad2d2000 	C:\Windows\System32\ADVAPI32.dll
0x00007ff9ad560000 - 0x00007ff9ad609000 	C:\Windows\System32\msvcrt.dll
0x00007ff9ac4b0000 - 0x00007ff9ac556000 	C:\Windows\System32\sechost.dll
0x00007ff9adbb0000 - 0x00007ff9adcc6000 	C:\Windows\System32\RPCRT4.dll
0x00007ff9963d0000 - 0x00007ff996667000 	C:\Windows\WinSxS\amd64_microsoft.windows.common-controls_6595b64144ccf1df_6.0.26100.3624_none_3e086962e3345f24\COMCTL32.dll
0x00007ff9ae250000 - 0x00007ff9ae41c000 	C:\Windows\System32\USER32.dll
0x00007ff9ad6d0000 - 0x00007ff9ad6fa000 	C:\Windows\System32\GDI32.dll
0x00007ff9abec0000 - 0x00007ff9abee7000 	C:\Windows\System32\win32u.dll
0x00007ff9abb80000 - 0x00007ff9abcb1000 	C:\Windows\System32\gdi32full.dll
0x00007ff9abcc0000 - 0x00007ff9abd63000 	C:\Windows\System32\msvcp_win.dll
0x00007ff9a9b30000 - 0x00007ff9a9b3b000 	C:\Windows\SYSTEM32\VERSION.dll
0x00007ff9ad610000 - 0x00007ff9ad63f000 	C:\Windows\System32\IMM32.DLL
0x00007ff9a4c30000 - 0x00007ff9a4c3c000 	C:\Program Files\Java\jdk-17\bin\vcruntime140_1.dll
0x00007ff961470000 - 0x00007ff9614fe000 	C:\Program Files\Java\jdk-17\bin\msvcp140.dll
0x00007ff949930000 - 0x00007ff94a510000 	C:\Program Files\Java\jdk-17\bin\server\jvm.dll
0x00007ff9ac2b0000 - 0x00007ff9ac2b8000 	C:\Windows\System32\PSAPI.DLL
0x00007ff98def0000 - 0x00007ff98defa000 	C:\Windows\SYSTEM32\WSOCK32.dll
0x00007ff9a9af0000 - 0x00007ff9a9b26000 	C:\Windows\SYSTEM32\WINMM.dll
0x00007ff9ad650000 - 0x00007ff9ad6c4000 	C:\Windows\System32\WS2_32.dll
0x00007ff9aa410000 - 0x00007ff9aa42a000 	C:\Windows\SYSTEM32\kernel.appcore.dll
0x00007ff9a1e10000 - 0x00007ff9a1e1a000 	C:\Program Files\Java\jdk-17\bin\jimage.dll
0x00007ff9a8d70000 - 0x00007ff9a8fb1000 	C:\Windows\SYSTEM32\DBGHELP.DLL
0x00007ff9ade40000 - 0x00007ff9ae1c2000 	C:\Windows\System32\combase.dll
0x00007ff9adad0000 - 0x00007ff9adba6000 	C:\Windows\System32\OLEAUT32.dll
0x00007ff9a9ab0000 - 0x00007ff9a9ae9000 	C:\Windows\SYSTEM32\dbgcore.DLL
0x00007ff9abfb0000 - 0x00007ff9ac049000 	C:\Windows\System32\bcryptPrimitives.dll
0x00007ff99d560000 - 0x00007ff99d56e000 	C:\Program Files\Java\jdk-17\bin\instrument.dll
0x00007ff9611d0000 - 0x00007ff9611f5000 	C:\Program Files\Java\jdk-17\bin\java.dll
0x00007ff960bf0000 - 0x00007ff960cc7000 	C:\Program Files\Java\jdk-17\bin\jsvml.dll
0x00007ff9acaf0000 - 0x00007ff9ad219000 	C:\Windows\System32\SHELL32.dll
0x00007ff9aba10000 - 0x00007ff9abb78000 	C:\Windows\System32\wintypes.dll
0x00007ff9a9150000 - 0x00007ff9a99a2000 	C:\Windows\SYSTEM32\windows.storage.dll
0x00007ff9ad9e0000 - 0x00007ff9adacd000 	C:\Windows\System32\SHCORE.dll
0x00007ff9ac560000 - 0x00007ff9ac5c4000 	C:\Windows\System32\shlwapi.dll
0x00007ff9ab550000 - 0x00007ff9ab57f000 	C:\Windows\SYSTEM32\profapi.dll
0x00007ff961450000 - 0x00007ff961468000 	C:\Program Files\Java\jdk-17\bin\zip.dll
0x00007ff9786f0000 - 0x00007ff978709000 	C:\Program Files\Java\jdk-17\bin\net.dll
0x00007ff99d9f0000 - 0x00007ff99db0d000 	C:\Windows\SYSTEM32\WINHTTP.dll
0x00007ff9aa910000 - 0x00007ff9aa97a000 	C:\Windows\system32\mswsock.dll
0x00007ff978610000 - 0x00007ff978626000 	C:\Program Files\Java\jdk-17\bin\nio.dll
0x00007ff993460000 - 0x00007ff993470000 	C:\Program Files\Java\jdk-17\bin\verify.dll
0x00007ff954d40000 - 0x00007ff954d67000 	C:\Users\Microsoft\.gradle\native\1def1411415f61bf3af743bc5b6707747c0891f09f0c88961ee8f79bc544acac\windows-amd64\native-platform.dll
0x00007ff922a50000 - 0x00007ff922ac7000 	C:\Users\Microsoft\.gradle\native\0.2.8\x86_64-windows-gnu\gradle-fileevents.dll
0x00007ff9a1b40000 - 0x00007ff9a1b4a000 	C:\Program Files\Java\jdk-17\bin\management.dll
0x00007ff993860000 - 0x00007ff99386b000 	C:\Program Files\Java\jdk-17\bin\management_ext.dll
0x00007ff9a9e20000 - 0x00007ff9a9e53000 	C:\Windows\SYSTEM32\IPHLPAPI.DLL
0x00007ff9ad2e0000 - 0x00007ff9ad2ea000 	C:\Windows\System32\NSI.dll
0x00007ff99dc60000 - 0x00007ff99dc7f000 	C:\Windows\SYSTEM32\dhcpcsvc6.DLL
0x00007ff99d920000 - 0x00007ff99d945000 	C:\Windows\SYSTEM32\dhcpcsvc.DLL
0x00007ff9a9eb0000 - 0x00007ff9a9fd5000 	C:\Windows\SYSTEM32\DNSAPI.dll
0x00007ff9aacc0000 - 0x00007ff9aacdc000 	C:\Windows\SYSTEM32\CRYPTSP.dll
0x00007ff9aa370000 - 0x00007ff9aa3aa000 	C:\Windows\system32\rsaenh.dll
0x00007ff9aa9b0000 - 0x00007ff9aa9db000 	C:\Windows\SYSTEM32\USERENV.dll
0x00007ff9ab4b0000 - 0x00007ff9ab4d6000 	C:\Windows\SYSTEM32\bcrypt.dll
0x00007ff9aab40000 - 0x00007ff9aab4c000 	C:\Windows\SYSTEM32\CRYPTBASE.dll
0x00007ff98ce20000 - 0x00007ff98ce2e000 	C:\Program Files\Java\jdk-17\bin\sunmscapi.dll
0x00007ff9ac050000 - 0x00007ff9ac1c7000 	C:\Windows\System32\CRYPT32.dll
0x00007ff9aae10000 - 0x00007ff9aae40000 	C:\Windows\SYSTEM32\ncrypt.dll
0x00007ff9aadc0000 - 0x00007ff9aadff000 	C:\Windows\SYSTEM32\NTASN1.dll
0x00007ff98d210000 - 0x00007ff98d218000 	C:\Windows\system32\wshunix.dll
0x00007ff9aa530000 - 0x00007ff9aa565000 	C:\Windows\SYSTEM32\ntmarta.dll
0x00007ff99ac60000 - 0x00007ff99ac6b000 	C:\Windows\System32\rasadhlp.dll
0x00007ff99cd20000 - 0x00007ff99cda5000 	C:\Windows\System32\fwpuclnt.dll

dbghelp: loaded successfully - version: 4.0.5 - missing functions: none
symbol engine: initialized successfully - sym options: 0x614 - pdb path: .;C:\Program Files\Java\jdk-17\bin;C:\Windows\SYSTEM32;C:\Windows\WinSxS\amd64_microsoft.windows.common-controls_6595b64144ccf1df_6.0.26100.3624_none_3e086962e3345f24;C:\Program Files\Java\jdk-17\bin\server;C:\Users\Microsoft\.gradle\native\1def1411415f61bf3af743bc5b6707747c0891f09f0c88961ee8f79bc544acac\windows-amd64;C:\Users\Microsoft\.gradle\native\0.2.8\x86_64-windows-gnu

VM Arguments:
jvm_args: --add-opens=java.base/java.lang=ALL-UNNAMED --add-opens=java.base/java.lang.invoke=ALL-UNNAMED --add-opens=java.base/java.util=ALL-UNNAMED --add-opens=java.prefs/java.util.prefs=ALL-UNNAMED --add-exports=jdk.compiler/com.sun.tools.javac.api=ALL-UNNAMED --add-exports=jdk.compiler/com.sun.tools.javac.util=ALL-UNNAMED --add-opens=java.base/java.util=ALL-UNNAMED --add-opens=java.prefs/java.util.prefs=ALL-UNNAMED --add-opens=java.base/java.nio.charset=ALL-UNNAMED --add-opens=java.base/java.net=ALL-UNNAMED --add-opens=java.base/java.util.concurrent=ALL-UNNAMED --add-opens=java.base/java.util.concurrent.atomic=ALL-UNNAMED --add-opens=java.xml/javax.xml.namespace=ALL-UNNAMED -XX:MaxMetaspaceSize=512m -Xmx2048m -Dfile.encoding=windows-1252 -Duser.country=US -Duser.language=en -Duser.variant -javaagent:C:\Users\Microsoft\.gradle\wrapper\dists\gradle-9.0.0-bin\d6wjpkvcgsg3oed0qlfss3wgl\gradle-9.0.0\lib\agents\gradle-instrumentation-agent-9.0.0.jar 
java_command: org.gradle.launcher.daemon.bootstrap.GradleDaemon 9.0.0
java_class_path (initial): C:\Users\Microsoft\.gradle\wrapper\dists\gradle-9.0.0-bin\d6wjpkvcgsg3oed0qlfss3wgl\gradle-9.0.0\lib\gradle-daemon-main-9.0.0.jar
Launcher Type: SUN_STANDARD

[Global flags]
     intx CICompilerCount                          = 3                                         {product} {ergonomic}
   size_t CompressedClassSpaceSize                 = 436207616                                 {product} {ergonomic}
     uint ConcGCThreads                            = 1                                         {product} {ergonomic}
     uint G1ConcRefinementThreads                  = 4                                         {product} {ergonomic}
   size_t G1HeapRegionSize                         = 1048576                                   {product} {ergonomic}
    uintx GCDrainStackTargetSize                   = 64                                        {product} {ergonomic}
   size_t InitialHeapSize                          = 134217728                                 {product} {ergonomic}
   size_t MarkStackSize                            = 4194304                                   {product} {ergonomic}
   size_t MaxHeapSize                              = 2147483648                                {product} {command line}
   size_t MaxMetaspaceSize                         = 536870912                                 {product} {command line}
   size_t MaxNewSize                               = 1287651328                                {product} {ergonomic}
   size_t MinHeapDeltaBytes                        = 1048576                                   {product} {ergonomic}
   size_t MinHeapSize                              = 8388608                                   {product} {ergonomic}
    uintx NonNMethodCodeHeapSize                   = 5832780                                {pd product} {ergonomic}
    uintx NonProfiledCodeHeapSize                  = 122912730                              {pd product} {ergonomic}
    uintx ProfiledCodeHeapSize                     = 122912730                              {pd product} {ergonomic}
    uintx ReservedCodeCacheSize                    = 251658240                              {pd product} {ergonomic}
     bool SegmentedCodeCache                       = true                                      {product} {ergonomic}
   size_t SoftMaxHeapSize                          = 2147483648                             {manageable} {ergonomic}
     bool UseCompressedClassPointers               = true                           {product lp64_product} {ergonomic}
     bool UseCompressedOops                        = true                           {product lp64_product} {ergonomic}
     bool UseG1GC                                  = true                                      {product} {ergonomic}
     bool UseLargePagesIndividualAllocation        = false                                  {pd product} {ergonomic}

Logging:
Log output configuration:
 #0: stdout all=warning uptime,level,tags
 #1: stderr all=off uptime,level,tags

Environment Variables:
JAVA_HOME=C:\Program Files\Java\jdk-17
PATH=D:\ELP\elpapp\elp\node_modules\.bin;D:\ELP\elpapp\elp\node_modules\.bin;D:\ELP\elpapp\node_modules\.bin;D:\ELP\node_modules\.bin;D:\node_modules\.bin;C:\Program Files\nodejs\node_modules\npm\node_modules\@npmcli\run-script\lib\node-gyp-bin;c:\Users\Microsoft\AppData\Roaming\Code\User\globalStorage\github.copilot-chat\debugCommand;c:\Users\Microsoft\AppData\Roaming\Code\User\globalStorage\github.copilot-chat\copilotCli;C:\Program Files\Common Files\Oracle\Java\javapath;C:\Windows\system32;C:\Windows;C:\Windows\System32\Wbem;C:\Windows\System32\WindowsPowerShell\v1.0\;C:\Windows\System32\OpenSSH\;C:\Program Files\nodejs\;D:\xampp\php;C:\ProgramData\ComposerSetup\bin;C:\flutter\bin;C:\Program Files\Git\cmd;C:\flutter\bin\cache\dart-sdk\bin;C:\Program Files\Java\jdk-17\bin;C:\Users\Microsoft\AppData\Local\Android\Sdk\platform-tools;%ANDROID_HOME%\platform-tools;C:\Users\Microsoft\AppData\Local\Programs\Python\Python310\Scripts\;C:\Users\Microsoft\AppData\Local\Programs\Python\Python310\;C:\Users\Microsoft\AppData\Local\Microsoft\WindowsApps;C:\Users\Microsoft\AppData\Local\Programs\Microsoft VS Code\bin;C:\Users\Microsoft\AppData\Roaming\npm;C:\Users\Microsoft\AppData\Roaming\Composer\vendor\bin;C:\Users\Microsoft\AppData\Local\Programs\mongosh\;C:\Program Files\MongoDB\Server\8.0\bin;C:\Users\Microsoft\AppData\Local\Programs\Windsurf\bin
USERNAME=Microsoft
LANG=en_US.UTF-8
OS=Windows_NT
PROCESSOR_IDENTIFIER=Intel64 Family 6 Model 78 Stepping 3, GenuineIntel



---------------  S Y S T E M  ---------------

OS:
 Windows 11 , 64 bit Build 26100 (10.0.26100.3775)
OS uptime: 20 days 18:31 hours
Hyper-V role detected

CPU: total 4 (initial active 4) (2 cores per cpu, 2 threads per core) family 6 model 78 stepping 3 microcode 0xec, cx8, cmov, fxsr, ht, mmx, 3dnowpref, sse, sse2, sse3, ssse3, sse4.1, sse4.2, popcnt, lzcnt, tsc, tscinvbit, avx, avx2, aes, erms, clmul, bmi1, bmi2, rtm, adx, fma, vzeroupper, clflush, clflushopt, hv

Memory: 4k page, system-wide physical 8079M (673M free)
TotalPageFile size 25126M (AvailPageFile size 199M)
current process WorkingSet (physical memory assigned to process): 851M, peak: 927M
current process commit charge ("private bytes"): 1027M, peak: 1076M

vm_info: Java HotSpot(TM) 64-Bit Server VM (17.0.12+8-LTS-286) for windows-amd64 JRE (17.0.12+8-LTS-286), built on Jun  5 2024 06:46:59 by "mach5one" with MS VC++ 17.6 (VS2022)

END.
